date,hour,hour_bucket,mean_value,median_value,min_value,max_value,std_value,first_value,last_value,n_points,delta_close_open,pct_change_close_open,baseline_mean,baseline_median,baseline_std,zscore_vs_hour_baseline,delta_vs_hour_median
2026-02-01,6,2026-02-01T06:00:00-05:00,14308.181506849314,15653.5,37,20762,5422.752204246503,37,18846,292,18809,50835.13513513513,,,,,
2026-02-01,7,2026-02-01T07:00:00-05:00,33525.194444444445,31550.0,18751,39771,4759.680774620515,18751,39770,360,21019,112.09535491440457,37830.636594921176,38142.28055555555,2452.4330021461433,-1.755579926835516,-4617.086111111108
2026-02-01,8,2026-02-01T08:00:00-05:00,327084.9222222222,297842.5,39745,425546,83068.80047456821,39745,424919,360,385174,969.1130959869166,371885.1415215364,380861.4265129683,36434.39310911126,-1.2296134359957505,-53776.50429074612
2026-02-01,9,2026-02-01T09:00:00-05:00,1036629.6166666667,1006978.0,424536,1282681,211808.3656120182,424536,1228440,360,803904,189.360619594098,1234259.912121212,1264807.0222222223,142243.51886336214,-1.3893799663687125,-228177.4055555556
2026-02-01,10,2026-02-01T10:00:00-05:00,1836326.0583333333,1822773.0,1231534,2056874,204953.85985475956,1231534,2038633,360,807099,65.5360712737123,2154595.881060606,2174176.605555556,254896.27607003992,-1.2486248431492146,-337850.54722222243
2026-02-01,11,2026-02-01T11:00:00-05:00,2490756.769444444,2486041.0,2039683,2731352,139283.0970709534,2039683,2726513,360,686830,33.673369832469064,2883112.9411616162,2907967.9694444444,341010.8596208113,-1.150567967698901,-417211.2000000002
2026-02-01,12,2026-02-01T12:00:00-05:00,3277011.7194444444,3253735.0,2725656,3488777,153056.00500310757,2725656,3476469,360,750813,27.54613935140752,3726390.1891414146,3934228.5888888887,398630.15645877534,-1.1273067589492394,-657216.8694444443
2026-02-01,13,2026-02-01T13:00:00-05:00,4125768.322222222,4159957.0,3466178,4386731,203317.23646093803,3466178,4350414,360,884236,25.510403678056925,4510962.88510101,4723546.147222222,427493.136907633,-0.901054378709279,-597777.8249999997
2026-02-01,14,2026-02-01T14:00:00-05:00,4868588.061111111,4912834.5,4343596,5059827,153939.0059873909,4343596,5043710,360,700114,16.1183038201527,5158839.693434344,5382707.861111111,448866.21684827335,-0.6466328305151642,-514119.7999999998
2026-02-01,15,2026-02-01T15:00:00-05:00,5159276.952777778,5164369.0,5026136,5224516,39816.571398804874,5036598,5175448,360,138850,2.7568211717512496,5199510.025277778,5363055.85,759737.5051000695,-0.052956543845627896,-203778.89722222183
2026-02-01,16,2026-02-01T16:00:00-05:00,5145329.897222222,5165524.0,4965871,5275443,78192.90685555515,5168418,5261954,360,93536,1.8097607430358769,5146310.4591666665,5369630.827777778,904518.1679535722,-0.0010840710327169403,-224300.93055555597
2026-02-01,17,2026-02-01T17:00:00-05:00,5006864.363888889,5005025.0,4812101,5280107,119716.5899286199,5262710,4858004,360,-404706,-7.690068424822953,5247763.4452777775,5486271.26111111,663536.4021101781,-0.36305330140559244,-479406.8972222218
2026-02-01,18,2026-02-01T18:00:00-05:00,4740884.513888889,4738270.5,4601422,4863737,71895.97978563778,4852444,4613923,360,-238521,-4.915481765477355,4983317.411111111,5203277.590277778,681892.2844317803,-0.3555296089385155,-462393.076388889
2026-02-01,19,2026-02-01T19:00:00-05:00,4439537.580555555,4439653.0,4303482,4614288,56131.81044101805,4609375,4408002,360,-201373,-4.368770169491525,4915295.709397405,5093007.080555555,573341.886302132,-0.8297983109350942,-653469.5
2026-02-01,20,2026-02-01T20:00:00-05:00,4091523.6555555556,4169418.5,3861386,4430975,181561.44087822127,4419940,3877700,360,-542240,-12.268039837644855,4482142.385555556,4685403.554166667,558141.899264379,-0.6998555932009922,-593879.8986111116
2026-02-01,21,2026-02-01T21:00:00-05:00,3429357.961111111,3442878.5,3161669,3892304,187985.0922469842,3888181,3169055,360,-719126,-18.495178079415542,3757024.3572222227,3945847.694444444,415250.43591479596,-0.789081401899707,-516489.73333333293
2026-02-01,22,2026-02-01T22:00:00-05:00,2421487.177777778,2522739.0,2046905,3173541,265712.20515218755,3170000,2051211,360,-1118789,-35.29302839116719,2849578.445,2928345.6875,346774.9209350584,-1.2344931578901346,-506858.5097222221
2026-02-01,23,2026-02-01T23:00:00-05:00,1393335.8138888888,1551300.0,977255,2048351,295816.2692067771,2046491,980304,360,-1066187,-52.09829899080914,1619975.623015873,1580079.1847222224,254302.77716978034,-0.8912203462712183,-186743.37083333358
2026-02-02,0,2026-02-02T00:00:00-05:00,549753.641025641,567653.0,1382,979359,333420.49402838293,979359,1382,39,-977977,-99.8588872926067,,,,,
2026-02-02,6,2026-02-02T06:00:00-05:00,12517.205479452055,14891.0,28,19111,5514.788134082638,28,16503,292,16475,58839.28571428571,,,,,
2026-02-02,7,2026-02-02T07:00:00-05:00,34777.85555555556,32702.0,16447,42640,5596.5613747566,16474,42607,360,26133,158.63178341629234,37830.636594921176,38142.28055555555,2452.4330021461433,-1.2447969166513848,-3364.4249999999956
2026-02-02,8,2026-02-02T08:00:00-05:00,324774.7944444445,289648.0,42522,431222,87976.20666172843,42547,430488,360,387941,911.7940160293323,371885.1415215364,380861.4265129683,36434.39310911126,-1.2930185754984043,-56086.632068523846
2026-02-02,9,2026-02-02T09:00:00-05:00,1058920.9944444445,1046966.5,430126,1289239,209335.43860010823,430325,1284215,360,853890,198.4290942892,1234259.912121212,1264807.0222222223,142243.51886336214,-1.2326671828555968,-205886.02777777775
2026-02-02,10,2026-02-02T10:00:00-05:00,1781757.4416666667,1775025.0,1282263,1940777,147321.37813426185,1282907,1940777,360,657870,51.27963289622709,2154595.881060606,2174176.605555556,254896.27607003992,-1.462706498275759,-392419.16388888913
2026-02-02,11,2026-02-02T11:00:00-05:00,2345572.2138888887,2361669.0,1941205,2471478,109469.4269444422,1941205,2471478,360,530273,27.316692466792535,2883112.9411616162,2907967.9694444444,341010.8596208113,-1.5763155691594355,-562395.7555555557
2026-02-02,12,2026-02-02T12:00:00-05:00,3022421.663888889,3006899.5,2472258,3191782,148658.36695132975,2472258,3168833,360,696575,28.17565966011638,3726390.1891414146,3934228.5888888887,398630.15645877534,-1.765969066430445,-911806.9249999998
2026-02-02,13,2026-02-02T13:00:00-05:00,3700439.575,3738431.0,3168410,3843871,146114.58222953576,3168506,3817213,360,648707,20.47359228608057,4510962.88510101,4723546.147222222,427493.136907633,-1.895991397579178,-1023106.5722222216
2026-02-02,14,2026-02-02T14:00:00-05:00,4273888.183333334,4312872.0,3816338,4409752,128474.18508132883,3816816,4390651,360,573835,15.03438992081358,5158839.693434344,5382707.861111111,448866.21684827335,-1.9715262073290385,-1108819.6777777774
2026-02-02,15,2026-02-02T15:00:00-05:00,4409256.677777777,4436878.5,4151895,4554582,104890.24579623398,4393300,4243678,360,-149622,-3.4056859308492475,5199510.025277778,5363055.85,759737.5051000695,-1.0401662971685348,-953799.1722222222
2026-02-02,16,2026-02-02T16:00:00-05:00,4171462.9583333335,4199706.5,4006989,4337441,90482.74368031639,4266258,4007775,360,-258483,-6.058775629603273,5146310.4591666665,5369630.827777778,904518.1679535722,-1.077753366788505,-1198167.8694444443
2026-02-02,17,2026-02-02T17:00:00-05:00,4026046.533333333,4018355.0,3955820,4114478,44805.32415169817,4008166,3962162,360,-46004,-1.1477568543817795,5247763.4452777775,5486271.26111111,663536.4021101781,-1.841220629432147,-1460224.7277777772
2026-02-02,18,2026-02-02T18:00:00-05:00,3860243.2083333335,3863046.0,3724196,3970382,44770.7761282873,3962637,3724196,360,-238441,-6.017230445281766,4983317.411111111,5203277.590277778,681892.2844317803,-1.646996495514879,-1343034.3819444445
2026-02-02,19,2026-02-02T19:00:00-05:00,3788506.9166666665,3826550.5,3610433,3863625,84136.27983380057,3723735,3812440,360,88705,2.3821512540500334,4915295.709397405,5093007.080555555,573341.886302132,-1.9652999713629133,-1304500.163888889
2026-02-02,20,2026-02-02T20:00:00-05:00,3473206.486111111,3461676.0,3299959,3810974,140023.6872561279,3810974,3331158,360,-479816,-12.590377158175311,4482142.385555556,4685403.554166667,558141.899264379,-1.8076691622223746,-1212197.0680555562
2026-02-02,21,2026-02-02T21:00:00-05:00,2972146.797222222,3037451.0,2729131,3332224,158973.76293031382,3331201,2737339,360,-593862,-17.827264100845312,3757024.3572222227,3945847.694444444,415250.43591479596,-1.8901306106299844,-973700.8972222218
2026-02-02,22,2026-02-02T22:00:00-05:00,2243115.027777778,2313979.5,1880015,2738245,233724.10054057994,2737754,1880015,360,-857739,-31.330024538362466,2849578.445,2928345.6875,346774.9209350584,-1.7488675812741261,-685230.659722222
2026-02-02,23,2026-02-02T23:00:00-05:00,1197261.5357142857,1182741.5,843143,1878499,252403.1942000207,1878499,843143,308,-1035356,-55.11613261439054,1619975.623015873,1580079.1847222224,254302.77716978034,-1.6622472314542216,-382817.6490079367
2026-02-03,0,2026-02-03T00:00:00-05:00,476855.55,494648.5,361,842111,287613.79664831614,842111,361,40,-841750,-99.95713154204137,,,,,
2026-02-03,6,2026-02-03T06:00:00-05:00,13207.434931506848,14619.0,0,20193,5919.251675491876,0,18920,292,18920,,,,,,
2026-02-03,7,2026-02-03T07:00:00-05:00,39427.07476635514,39210.0,18920,48969,6647.225541110533,18920,48969,321,30049,158.8213530655391,37830.636594921176,38142.28055555555,2452.4330021461433,0.6509609722414051,1284.794210799584
2026-02-03,8,2026-02-03T08:00:00-05:00,375472.5055555556,336387.0,49006,509079,106725.16233614665,49006,509079,360,460073,938.8095335265069,371885.1415215364,380861.4265129683,36434.39310911126,0.09846092463447881,-5388.920957412745
2026-02-03,9,2026-02-03T09:00:00-05:00,1252865.1527777778,1222837.0,509786,1555644,253664.28437994662,509786,1555644,360,1045858,205.15628126311825,1234259.912121212,1264807.0222222223,142243.51886336214,0.1307985123345948,-11941.869444444543
2026-02-03,10,2026-02-03T10:00:00-05:00,2147166.1305555557,2144043.0,1556262,2400920,195270.83270490568,1556262,2400920,360,844658,54.27479434696728,2154595.881060606,2174176.605555556,254896.27607003992,-0.029148132799745752,-27010.475000000093
2026-02-03,11,2026-02-03T11:00:00-05:00,2842163.6083333334,2843792.5,2401586,3043685,135752.2592533938,2401586,3043685,360,642099,26.736456658225023,2883112.9411616162,2907967.9694444444,341010.8596208113,-0.12008219583920775,-65804.36111111101
2026-02-03,12,2026-02-03T12:00:00-05:00,3835105.527777778,3848459.5,3045033,4035183,199815.81274847506,3045033,4002824,360,957791,31.45420755702812,3726390.1891414146,3934228.5888888887,398630.15645877534,0.2727223138413169,-99123.06111111073
2026-02-03,13,2026-02-03T13:00:00-05:00,4584470.688888889,4582051.0,4002936,4802827,175288.1070763182,4002936,4748478,360,745542,18.624879338565492,4510962.88510101,4723546.147222222,427493.136907633,0.17195083953771473,-139075.45833333302
2026-02-03,14,2026-02-03T14:00:00-05:00,5223454.966666667,5244002.5,4754536,5414159,143153.14732341663,4754536,5414159,360,659623,13.873551488515387,5158839.693434344,5382707.861111111,448866.21684827335,0.14395218621267838,-159252.89444444422
2026-02-03,15,2026-02-03T15:00:00-05:00,5566834.747222222,5551545.5,5412957,5708166,82211.15194512755,5412957,5647921,360,234964,4.3407697493255535,5199510.025277778,5363055.85,759737.5051000695,0.4834889938677732,203778.89722222276
2026-02-03,16,2026-02-03T16:00:00-05:00,5636292.655555556,5628607.5,5604743,5672150,23097.01384533966,5648245,5630030,360,-18215,-0.3224895520644023,5146310.4591666665,5369630.827777778,904518.1679535722,0.5417052014526692,266661.8277777778
2026-02-03,17,2026-02-03T17:00:00-05:00,5513261.594444444,5546931.5,5342944,5648394,67961.58679898345,5631460,5365883,360,-265577,-4.715952879004734,5247763.4452777775,5486271.26111111,663536.4021101781,0.40012597398172856,26990.333333333954
2026-02-03,18,2026-02-03T18:00:00-05:00,5207005.975,5191467.5,5027540,5387285,88951.15554203927,5366038,5035230,360,-330808,-6.164846391322611,4983317.411111111,5203277.590277778,681892.2844317803,0.3280409076270574,3728.3847222216427
2026-02-03,19,2026-02-03T19:00:00-05:00,4949667.777777778,4950373.0,4844921,5059470,50740.069435487436,5028408,4922916,360,-105492,-2.097920455142065,4915295.709397405,5093007.080555555,573341.886302132,0.059950387720773754,-143339.30277777743
2026-02-03,20,2026-02-03T20:00:00-05:00,4592998.155555556,4584558.0,4376619,4951683,148844.48703168245,4925966,4418914,360,-507052,-10.293453101381536,4482142.385555556,4685403.554166667,558141.899264379,0.19861574654421296,-92405.39861111157
2026-02-03,21,2026-02-03T21:00:00-05:00,3906688.3305555554,3988751.5,3616064,4415846,197831.5869898264,4415846,3616064,360,-799782,-18.11163704531363,3757024.3572222227,3945847.694444444,415250.43591479596,0.36041858211087296,-39159.36388888862
2026-02-03,22,2026-02-03T22:00:00-05:00,2909328.6166666667,3107251.0,2407444,3614854,348613.2196349228,3614854,2407444,360,-1207410,-33.401348989475096,2849578.445,2928345.6875,346774.9209350584,0.17230245920193424,-19017.070833333302
2026-02-03,23,2026-02-03T23:00:00-05:00,1558416.138888889,1732480.5,1031859,2404878,358543.4582548236,2404878,1031859,360,-1373019,-57.093083308176126,1619975.623015873,1580079.1847222224,254302.77716978034,-0.2420716156233123,-21663.045833333395
2026-02-04,0,2026-02-04T00:00:00-05:00,591766.4358974359,614214.0,5186,1030636,347541.14962425246,1030636,5186,39,-1025450,-99.4968155585483,,,,,
2026-02-04,6,2026-02-04T06:00:00-05:00,13911.787671232876,15932.5,0,19010,4834.54258679041,0,17907,292,17907,,,,,,
2026-02-04,7,2026-02-04T07:00:00-05:00,38992.42222222222,35895.0,17919,49463,6913.422219093019,17919,49463,360,31544,176.03660918578046,37830.636594921176,38142.28055555555,2452.4330021461433,0.4737277741264939,850.1416666666701
2026-02-04,8,2026-02-04T08:00:00-05:00,392741.39444444445,345259.5,49517,529139,111936.16387135108,49517,528989,360,479472,968.2977563261103,371885.1415215364,380861.4265129683,36434.39310911126,0.5724331090255615,11879.96793147613
2026-02-04,9,2026-02-04T09:00:00-05:00,1335387.8138888888,1288767.5,529084,1679013,279542.0276337219,529094,1679013,360,1149919,217.33737294318215,1234259.912121212,1264807.0222222223,142243.51886336214,0.7109491003580927,70580.79166666651
2026-02-04,10,2026-02-04T10:00:00-05:00,2333671.175,2326137.5,1680003,2593124,211970.3444722199,1680003,2593124,360,913121,54.352343418434366,2154595.881060606,2174176.605555556,254896.27607003992,0.7025418209334214,159494.56944444403
2026-02-04,11,2026-02-04T11:00:00-05:00,3134770.238888889,3129389.5,2593523,3346145,159118.3805089014,2593523,3346145,360,752622,29.019291519681918,2883112.9411616162,2907967.9694444444,341010.8596208113,0.73797443872346,226802.26944444468
2026-02-04,12,2026-02-04T12:00:00-05:00,3954458.8722222224,3951745.5,3346679,4165384,186824.13276611557,3346679,4161103,360,814424,24.335288804214567,3726390.1891414146,3934228.5888888887,398630.15645877534,0.572131032701721,20230.283333333675
2026-02-04,13,2026-02-04T13:00:00-05:00,4775184.830555555,4752301.5,4161016,4957453,170000.0859111431,4161683,4874689,360,713006,17.132636003270793,4510962.88510101,4723546.147222222,427493.136907633,0.6180729528568663,51638.68333333358
2026-02-04,14,2026-02-04T14:00:00-05:00,5436710.880555555,5463469.0,4874487,5645867,201883.35594244668,4874487,5627416,360,752929,15.446322864334237,5158839.693434344,5382707.861111111,448866.21684827335,0.6190512377436017,54003.01944444422
2026-02-04,15,2026-02-04T15:00:00-05:00,5786358.5,5845378.0,5463614,5917626,131129.8689651979,5626669,5852187,360,225518,4.008019664920755,5199510.025277778,5363055.85,759737.5051000695,0.7724358357758384,423302.6500000004
2026-02-04,16,2026-02-04T16:00:00-05:00,5849747.836111112,5858746.0,5760867,5901610,32523.98936663852,5852242,5878285,360,26043,0.4450089384546982,5146310.4591666665,5369630.827777778,904518.1679535722,0.7776929218966795,480117.00833333377
2026-02-04,17,2026-02-04T17:00:00-05:00,5738582.794444445,5766322.0,5608019,5890138,75800.538633052,5878167,5609872,360,-268295,-4.564262975175764,5247763.4452777775,5486271.26111111,663536.4021101781,0.739702219208718,252311.53333333414
2026-02-04,18,2026-02-04T18:00:00-05:00,5493419.355555556,5470716.5,5393105,5614565,59786.812401267875,5609792,5417551,360,-192241,-3.426882850558452,4983317.411111111,5203277.590277778,681892.2844317803,0.7480682155972949,290141.7652777778
2026-02-04,19,2026-02-04T19:00:00-05:00,5222366.588888889,5317537.5,4924786,5428814,153552.51673389212,5417966,4945341,360,-472625,-8.723292098916827,4915295.709397405,5093007.080555555,573341.886302132,0.53558075352211,129359.50833333377
2026-02-04,20,2026-02-04T20:00:00-05:00,4777808.952777778,4838119.0,4587853,4958987,132503.61769987564,4945997,4587853,360,-358144,-7.241088096090636,4482142.385555556,4685403.554166667,558141.899264379,0.5297336888914896,92405.39861111064
2026-02-04,21,2026-02-04T21:00:00-05:00,4050974.158333333,4163257.0,3653333,4586647,244093.685279496,4586647,3655487,360,-931160,-20.301540537128755,3757024.3572222227,3945847.694444444,415250.43591479596,0.7078855930964638,105126.46388888918
2026-02-04,22,2026-02-04T22:00:00-05:00,3071794.636111111,3155193.5,2584989,3653737,300485.29967415414,3652955,2584989,360,-1067966,-29.235673584810108,2849578.445,2928345.6875,346774.9209350584,0.6408081371972288,143448.9486111109
2026-02-04,23,2026-02-04T23:00:00-05:00,1697352.5583333333,1876077.0,1136168,2583293,386668.6959710855,2583293,1136168,360,-1447125,-56.01861654872289,1619975.623015873,1580079.1847222224,254302.77716978034,0.30427090171257243,117273.37361111096
2026-02-05,0,2026-02-05T00:00:00-05:00,1134935.0,1134935.0,1134935,1134935,,1134935,1134935,1,0,0.0,,,,,
2026-02-05,6,2026-02-05T06:00:00-05:00,10824.32191780822,12830.5,0,16801,4989.931667589803,0,15375,292,15375,,,,,,
2026-02-05,7,2026-02-05T07:00:00-05:00,38142.28055555555,33796.5,15390,50359,9192.62439524449,15390,50359,360,34969,227.21897335932422,37830.636594921176,38142.28055555555,2452.4330021461433,0.12707542279917755,0.0
2026-02-05,8,2026-02-05T08:00:00-05:00,397713.0472222222,349731.0,50355,538539,115945.32949310713,50355,538539,360,488184,969.4846589216562,371885.1415215364,380861.4265129683,36434.39310911126,0.7088880449672412,16851.620709253883
2026-02-05,9,2026-02-05T09:00:00-05:00,1353325.3416666666,1332882.5,539494,1727048,297771.4458986099,539494,1727048,360,1187554,220.12367144027553,1234259.912121212,1264807.0222222223,142243.51886336214,0.8370534594256462,88518.31944444426
2026-02-05,10,2026-02-05T10:00:00-05:00,2357893.9055555556,2369690.0,1433779,2674483,307277.01208842645,1728353,2637243,360,908890,52.58705831505486,2154595.881060606,2174176.605555556,254896.27607003992,0.7975715755026875,183717.2999999998
2026-02-05,11,2026-02-05T11:00:00-05:00,3216335.8527777777,3177919.5,2636245,3447896,192752.57922152136,2636672,3447896,360,811224,30.766966843050636,2883112.9411616162,2907967.9694444444,341010.8596208113,0.977162170104173,308367.8833333333
2026-02-05,12,2026-02-05T12:00:00-05:00,4083251.3333333335,4053156.5,3447982,4315005,192109.90361910142,3447982,4298746,360,850764,24.67425874032985,3726390.1891414146,3934228.5888888887,398630.15645877534,0.8952186341396978,149022.74444444478
2026-02-05,13,2026-02-05T13:00:00-05:00,4817752.044444445,4864354.5,4300006,5033551,178709.16175680555,4300006,5033551,360,733545,17.059162243029427,4510962.88510101,4723546.147222222,427493.136907633,0.7176469815694875,94205.89722222276
2026-02-05,14,2026-02-05T14:00:00-05:00,5495764.769444444,5493742.0,5036615,5651053,102455.04199185937,5036615,5494120,360,457505,9.083580936799814,5158839.693434344,5382707.861111111,448866.21684827335,0.7506135756346943,113056.90833333321
2026-02-05,15,2026-02-05T15:00:00-05:00,5909921.511111111,5987580.5,5493171,6094399,193123.63893460142,5493675,6091407,360,597732,10.880366967467133,5199510.025277778,5363055.85,759737.5051000695,0.9350749187244104,546865.6611111118
2026-02-05,16,2026-02-05T16:00:00-05:00,6039550.883333334,6038272.0,6003566,6107574,22427.501101994967,6092384,6049014,360,-43370,-0.7118723967497781,5146310.4591666665,5369630.827777778,904518.1679535722,0.9875317664293904,669920.055555556
2026-02-05,17,2026-02-05T17:00:00-05:00,5935234.955555555,5961157.5,5798024,6059151,65082.63985746843,6049384,5802887,360,-246497,-4.074745461686677,5247763.4452777775,5486271.26111111,663536.4021101781,1.0360720347692778,448963.69444444496
2026-02-05,18,2026-02-05T18:00:00-05:00,5677603.530555556,5671404.0,5599859,5813477,43086.67399173802,5806207,5618893,360,-187314,-3.2260992417252776,4983317.411111111,5203277.590277778,681892.2844317803,1.0181756492860043,474325.9402777776
2026-02-05,19,2026-02-05T19:00:00-05:00,5503167.425,5495601.0,5438816,5625773,43475.122299967945,5618190,5469669,360,-148521,-2.6435738200381262,4915295.709397405,5093007.080555555,573341.886302132,1.0253423474677126,410160.3444444444
2026-02-05,20,2026-02-05T20:00:00-05:00,5141405.536111111,5214605.5,4861086,5476694,189457.4542782564,5468483,4861125,360,-607358,-11.106517109041027,4482142.385555556,4685403.554166667,558141.899264379,1.1811748077405615,456001.98194444366
2026-02-05,21,2026-02-05T21:00:00-05:00,4098403.172222222,4032954.5,2980349,4864163,364187.20797463524,4861400,3931475,360,-929925,-19.12874892006418,3757024.3572222227,3945847.694444444,415250.43591479596,0.8221034476410424,152555.47777777817
2026-02-05,22,2026-02-05T22:00:00-05:00,3274757.55,3385705.0,2846882,3929961,289542.08831821644,3929961,2846882,360,-1083079,-27.559535578088436,2849578.445,2928345.6875,346774.9209350584,1.2260953123528346,346411.8624999998
2026-02-05,23,2026-02-05T23:00:00-05:00,1911315.4194444444,2068751.5,1397752,2844215,362489.8898239411,2844215,1397752,360,-1446463,-50.856317120892754,1619975.623015873,1580079.1847222224,254302.77716978034,1.1456414266135366,331236.23472222197
2026-02-06,0,2026-02-06T00:00:00-05:00,796093.175,827928.5,0,1396354,477288.0279008486,1396354,0,40,-1396354,-100.0,,,,,
2026-02-06,6,2026-02-06T06:00:00-05:00,13022.520547945205,14385.5,0,19082,4853.862485389111,0,17251,292,17251,,,,,,
2026-02-06,7,2026-02-06T07:00:00-05:00,40051.25833333333,36784.0,17252,49732,8170.804810459404,17252,49479,360,32227,186.80153025736146,37830.636594921176,38142.28055555555,2452.4330021461433,0.9054770248438477,1908.977777777778
2026-02-06,8,2026-02-06T08:00:00-05:00,417948.14243323443,386073.0,49512,554670,97627.17718374595,49512,554670,337,505158,1020.2738730004847,371885.1415215364,380861.4265129683,36434.39310911126,1.2642724903843374,37086.71592026611
2026-02-06,9,2026-02-06T09:00:00-05:00,1402319.3777777778,1366879.5,554830,1769292,315658.3673651532,554830,1769292,360,1214462,218.88902907196803,1234259.912121212,1264807.0222222223,142243.51886336214,1.1814911990331325,137512.35555555555
2026-02-06,10,2026-02-06T10:00:00-05:00,2488964.7583333333,2465008.5,1769601,2767407,240170.97430438583,1769601,2749716,360,980115,55.38621418048475,2154595.881060606,2174176.605555556,254896.27607003992,1.3117840810700985,314788.1527777775
2026-02-06,11,2026-02-06T11:00:00-05:00,3273401.3527777777,3242732.5,2750397,3496699,169828.25020249668,2750397,3484859,360,734462,26.703854025437057,2883112.9411616162,2907967.9694444444,341010.8596208113,1.1445043481903907,365433.3833333333
2026-02-06,12,2026-02-06T12:00:00-05:00,4130871.952777778,4135929.5,3487039,4382917,190350.0990394965,3487039,4372865,360,885826,25.403386655555042,3726390.1891414146,3934228.5888888887,398630.15645877534,1.0146792887662353,196643.3638888891
2026-02-06,13,2026-02-06T13:00:00-05:00,4960666.911111111,4981610.5,4373362,5100639,137935.65779966905,4373362,5090108,360,716746,16.38890171908934,4510962.88510101,4723546.147222222,427493.136907633,1.0519561302507339,237120.763888889
2026-02-06,14,2026-02-06T14:00:00-05:00,5669756.45,5706585.5,5090331,5895811,172631.29232944438,5090331,5895811,360,805480,15.823725411962405,5158839.693434344,5382707.861111111,448866.21684827335,1.1382383823694122,287048.5888888892
2026-02-06,15,2026-02-06T15:00:00-05:00,6130066.333333333,6150673.5,5899714,6192228,63299.53309077262,5899714,6187142,360,287428,4.871897180100595,5199510.025277778,5363055.85,759737.5051000695,1.224839239617355,767010.4833333334
2026-02-06,16,2026-02-06T16:00:00-05:00,6130941.080555555,6142864.5,6047861,6198472,40366.09758913651,6187888,6109872,360,-78016,-1.2607855862937403,5146310.4591666665,5369630.827777778,904518.1679535722,1.0885692032218293,761310.2527777776
2026-02-06,17,2026-02-06T17:00:00-05:00,5976293.255555555,5972758.0,5851278,6124001,63815.75704753633,6113064,5851442,360,-261622,-4.279719629959706,5247763.4452777775,5486271.26111111,663536.4021101781,1.0979500264957696,490021.9944444448
2026-02-06,18,2026-02-06T18:00:00-05:00,5706892.902777778,5708193.0,5601701,5866732,58099.068033307514,5851690,5615012,360,-236678,-4.044609335080977,4983317.411111111,5203277.590277778,681892.2844317803,1.0611287269068037,503615.3125
2026-02-06,19,2026-02-06T19:00:00-05:00,5565121.827777778,5557579.5,5430438,5685503,58922.360194396984,5612121,5540634,360,-71487,-1.2737964844307526,4915295.709397405,5093007.080555555,573341.886302132,1.1334007403009376,472114.7472222224
2026-02-06,20,2026-02-06T20:00:00-05:00,5118093.402777778,5156501.5,4802937,5539421,205530.4754311613,5539421,4811938,360,-727483,-13.132834641021146,4482142.385555556,4685403.554166667,558141.899264379,1.1394074124526288,432689.8486111108
2026-02-06,21,2026-02-06T21:00:00-05:00,4236532.697222223,4379539.0,3812369,4823025,284261.1125696602,4814164,3812688,360,-1001476,-20.802698038537947,3757024.3572222227,3945847.694444444,415250.43591479596,1.1547449407094392,290685.00277777854
2026-02-06,22,2026-02-06T22:00:00-05:00,3202171.9194444446,3313347.0,2758331,3828279,290730.9222070386,3812429,2758331,360,-1054098,-27.64898703687334,2849578.445,2928345.6875,346774.9209350584,1.0167790493432944,273826.2319444446
2026-02-06,23,2026-02-06T23:00:00-05:00,1957614.588888889,2096344.5,1505657,2757558,306844.23001500464,2757558,1505657,360,-1251901,-45.3989000412684,1619975.623015873,1580079.1847222224,254302.77716978034,1.3277045954067497,377535.40416666656
2026-02-07,0,2026-02-07T00:00:00-05:00,888505.1282051282,928161.0,29616,1504845,501831.0418575677,1504845,29616,39,-1475229,-98.03195677960188,,,,,
2026-02-07,6,2026-02-07T06:00:00-05:00,12431.577319587628,13848.0,155,19302,5738.357289572877,155,18305,291,18150,11709.677419354839,,,,,
2026-02-07,7,2026-02-07T07:00:00-05:00,35773.305555555555,34483.0,18334,40542,4505.013877282666,18334,40160,360,21826,119.04658012435911,37830.636594921176,38142.28055555555,2452.4330021461433,-0.8388938811234535,-2368.9749999999985
2026-02-07,8,2026-02-07T08:00:00-05:00,366524.8416666667,325474.5,40225,491224,101532.18032113336,40225,491224,360,450999,1121.1908017402113,371885.1415215364,380861.4265129683,36434.39310911126,-0.14712197452602155,-14336.584846301645
2026-02-07,9,2026-02-07T09:00:00-05:00,1286937.4805555556,1232034.5,491257,1596261,269974.45851893135,491257,1595880,360,1104623,224.85643970467595,1234259.912121212,1264807.0222222223,142243.51886336214,0.37033369854232195,22130.458333333256
2026-02-07,10,2026-02-07T10:00:00-05:00,2300337.3444444444,2295582.0,1596438,2571379,210975.1031444907,1596438,2571379,360,974941,61.06976907339966,2154595.881060606,2174176.605555556,254896.27607003992,0.5717677230552869,126160.73888888862
2026-02-07,11,2026-02-07T11:00:00-05:00,3094870.813888889,3121234.5,2571654,3290131,158379.60495932263,2571654,3284163,360,712509,27.706254418362658,2883112.9411616162,2907967.9694444444,341010.8596208113,0.6209710534225736,186902.8444444444
2026-02-07,12,2026-02-07T12:00:00-05:00,3934228.5888888887,3914503.0,3282257,4206976,221435.9361935508,3283225,4206976,360,923751,28.135476551256765,3726390.1891414146,3934228.5888888887,398630.15645877534,0.5213815271624286,0.0
2026-02-07,13,2026-02-07T13:00:00-05:00,4862092.205555555,4848146.5,4205918,5063230,186075.84660018078,4206702,5049407,360,842705,20.032438713272295,4510962.88510101,4723546.147222222,427493.136907633,0.821368321827381,138546.05833333358
2026-02-07,14,2026-02-07T14:00:00-05:00,5464554.477777778,5486517.5,5047077,5614753,130440.70520745877,5048064,5609753,360,561689,11.126820103707084,5158839.693434344,5382707.861111111,448866.21684827335,0.6810821863360967,81846.61666666716
2026-02-07,15,2026-02-07T15:00:00-05:00,5634978.994444445,5657551.0,5438395,5738300,63837.24321370125,5611734,5607216,360,-4518,-0.08050987448799249,5199510.025277778,5363055.85,759737.5051000695,0.5731834564483019,271923.14444444515
2026-02-07,16,2026-02-07T16:00:00-05:00,5593931.758333334,5589369.5,5537579,5691115,32609.78267859673,5605672,5587107,360,-18565,-0.33118241666654774,5146310.4591666665,5369630.827777778,904518.1679535722,0.4948726460402541,224300.93055555597
2026-02-07,17,2026-02-07T17:00:00-05:00,5459280.927777777,5460120.5,5314593,5596754,65719.48510971974,5588479,5366502,360,-221977,-3.9720467769495063,5247763.4452777775,5486271.26111111,663536.4021101781,0.31877298943559407,-26990.333333333023
2026-02-07,18,2026-02-07T18:00:00-05:00,5199549.205555555,5204799.0,5044375,5378848,83762.91881397364,5365775,5092193,360,-273582,-5.0986483779137215,4983317.411111111,5203277.590277778,681892.2844317803,0.31710550094378936,-3728.384722222574
2026-02-07,19,2026-02-07T19:00:00-05:00,5093007.080555555,5082800.5,4872907,5254339,101871.43109388398,5091035,5088570,360,-2465,-0.048418445365235166,4915295.709397405,5093007.080555555,573341.886302132,0.30995706995058453,0.0
2026-02-07,20,2026-02-07T20:00:00-05:00,4802918.577777778,4889209.0,4537904,5103045,184107.41751542635,5089339,4537904,360,-551435,-10.83510058968365,4482142.385555556,4685403.554166667,558141.899264379,0.5747215764396096,117515.02361111064
2026-02-07,21,2026-02-07T21:00:00-05:00,4056637.575,4144264.0,3723700,4542395,251147.58284657513,4536982,3744330,360,-792652,-17.470909075680705,3757024.3572222227,3945847.694444444,415250.43591479596,0.7215241499210713,110789.88055555616
2026-02-07,22,2026-02-07T22:00:00-05:00,3133473.427777778,3323956.5,2633484,3744288,328982.1003060732,3744288,2633484,360,-1110804,-29.66662820808656,2849578.445,2928345.6875,346774.9209350584,0.8186721865937472,205127.7402777779
2026-02-07,23,2026-02-07T23:00:00-05:00,1935768.0638888888,2068738.5,1504124,2632283,282864.7207361412,2632283,1504124,360,-1128159,-42.85857561667951,1619975.623015873,1580079.1847222224,254302.77716978034,1.2417970593462422,355688.8791666664
2026-02-08,0,2026-02-08T00:00:00-05:00,861680.5128205129,892246.0,5966,1501845,506027.32698218006,1501845,5966,39,-1495879,-99.60275527767513,,,,,
2026-02-08,6,2026-02-08T06:00:00-05:00,16260.278350515464,18985.0,101,23971,6780.146883886907,101,21798,291,21697,21482.178217821784,,,,,
2026-02-08,7,2026-02-08T07:00:00-05:00,37276.955555555556,35137.5,21786,43136,4502.6842737780635,21795,42587,360,20792,95.398027070429,37830.636594921176,38142.28055555555,2452.4330021461433,-0.22576805926240964,-865.3249999999971
2026-02-08,8,2026-02-08T08:00:00-05:00,307786.3222222222,280278.5,42510,396331,75814.56721844316,42558,396331,360,353773,831.2726161943701,371885.1415215364,380861.4265129683,36434.39310911126,-1.759294277452498,-73075.1042907461
2026-02-08,9,2026-02-08T09:00:00-05:00,993035.2416666667,967553.0,396432,1228823,200623.7985907465,396432,1228823,360,832391,209.97068854179278,1234259.912121212,1264807.0222222223,142243.51886336214,-1.6958570230975774,-271771.7805555556
2026-02-08,10,2026-02-08T10:00:00-05:00,1785899.3527777777,1784282.5,1229277,1962431,162998.90180495608,1229277,1962067,360,732790,59.611462672774316,2154595.881060606,2174176.605555556,254896.27607003992,-1.4464570999912074,-388277.2527777781
2026-02-08,11,2026-02-08T11:00:00-05:00,2423872.0083333333,2415225.5,1961609,2576335,131419.00583555276,1961833,2576335,360,614502,31.322849600348246,2883112.9411616162,2907967.9694444444,341010.8596208113,-1.3467047159112122,-484095.9611111111
2026-02-08,12,2026-02-08T12:00:00-05:00,3176110.072222222,3170643.0,2576428,3354598,164355.3613055321,2576428,3354598,360,778170,30.203444458762284,3726390.1891414146,3934228.5888888887,398630.15645877534,-1.3804277172795887,-758118.5166666666
2026-02-08,13,2026-02-08T13:00:00-05:00,3974749.0083333333,3970801.0,3354841,4184409,180817.63507140538,3354841,4180917,360,826076,24.62340242056181,4510962.88510101,4723546.147222222,427493.136907633,-1.2543216030238509,-748797.1388888885
2026-02-08,14,2026-02-08T14:00:00-05:00,4684296.194444444,4703840.0,4181185,4840555,144492.83101920973,4181185,4832191,360,651006,15.569892267383528,5158839.693434344,5382707.861111111,448866.21684827335,-1.0572047553988804,-698411.666666667
2026-02-08,15,2026-02-08T15:00:00-05:00,4806845.113888889,4869779.0,4597157,4969210,116207.88218500237,4831762,4646250,360,-185512,-3.8394275214714635,5199510.025277778,5363055.85,759737.5051000695,-0.5168428684288382,-556210.736111111
2026-02-08,16,2026-02-08T16:00:00-05:00,4486994.825,4507919.5,4298940,4660228,81905.16144999943,4648307,4474690,360,-173617,-3.7350588074324698,5146310.4591666665,5369630.827777778,904518.1679535722,-0.7289136443310315,-882636.0027777776
2026-02-08,17,2026-02-08T17:00:00-05:00,4326244.055555556,4338128.5,4051929,4471431,104927.77656588788,4471431,4051929,360,-419502,-9.381828770252744,5247763.4452777775,5486271.26111111,663536.4021101781,-1.3888000519513413,-1160027.2055555545
2026-02-08,18,2026-02-08T18:00:00-05:00,3852268.163888889,3921325.5,2277694,4271296,464532.8700229671,4049125,3742611,360,-306514,-7.56988238199611,4983317.411111111,5203277.590277778,681892.2844317803,-1.6586919562592255,-1351009.426388889
2026-02-08,19,2026-02-08T19:00:00-05:00,3809549.0,3839161.0,3749183,3840303,52281.607741155014,3749183,3839161,3,89978,2.3999361994333164,4915295.709397405,5093007.080555555,573341.886302132,-1.9285992107241816,-1283458.0805555554
2026-02-08,20,2026-02-08T20:00:00-05:00,3861563.222222222,3826349.5,3699348,4020690,81704.28967641326,3844993,3825157,360,-19836,-0.5158917064348362,4482142.385555556,4685403.554166667,558141.899264379,-1.1118662909042416,-823840.3319444451
2026-02-08,21,2026-02-08T21:00:00-05:00,3400152.933333333,3432576.5,3164539,3819607,175944.26999670934,3813789,3167102,360,-646687,-16.956548985798637,3757024.3572222227,3945847.694444444,415250.43591479596,-0.859412520790502,-545694.7611111109
2026-02-08,22,2026-02-08T22:00:00-05:00,2657077.027777778,2792790.5,2228880,3171781,255026.20768657685,3171781,2231441,360,-940340,-29.64706579678736,2849578.445,2928345.6875,346774.9209350584,-0.5551192015361232,-271268.659722222
2026-02-08,23,2026-02-08T23:00:00-05:00,1486482.413888889,1625745.0,1016005,2229813,325250.33545192785,2229813,1016005,360,-1213808,-54.43541678158662,1619975.623015873,1580079.1847222224,254302.77716978034,-0.5249380703296835,-93596.77083333349
2026-02-09,0,2026-02-09T00:00:00-05:00,582790.5,607990.5,6974,1016578,344578.6484843222,1016317,6974,40,-1009343,-99.3137967779738,,,,,
2026-02-09,6,2026-02-09T06:00:00-05:00,12968.835616438357,14914.0,22,18180,4884.888600526305,22,17256,292,17234,78336.36363636363,,,,,
2026-02-09,7,2026-02-09T07:00:00-05:00,39390.64722222222,35801.0,17082,51736,8245.278748714521,17188,51325,360,34137,198.6094949965092,37830.636594921176,38142.28055555555,2452.4330021461433,0.6361073374627844,1248.3666666666686
2026-02-09,8,2026-02-09T08:00:00-05:00,380861.4265129683,348124.0,51211,497985,91068.18620607215,51211,491829,347,440618,860.3971802932964,371885.1415215364,380861.4265129683,36434.39310911126,0.24636845094552146,0.0
2026-02-09,9,2026-02-09T09:00:00-05:00,1225824.4888888889,1201368.5,491522,1533430,247227.4561361543,491522,1519041,360,1027519,209.04842509592655,1234259.912121212,1264807.0222222223,142243.51886336214,-0.05930268949846671,-38982.53333333344
2026-02-09,10,2026-02-09T10:00:00-05:00,2089929.5111111111,2094423.5,1518145,2308742,178547.3625739909,1518145,2240310,360,722165,47.56890810825053,2154595.881060606,2174176.605555556,254896.27607003992,-0.2536968014853454,-84247.09444444464
2026-02-09,11,2026-02-09T11:00:00-05:00,2756225.736111111,2765410.0,2236686,2959242,165680.3394914426,2236686,2959242,360,722556,32.30475802146569,2883112.9411616162,2907967.9694444444,341010.8596208113,-0.3720913908477815,-151742.2333333334
2026-02-09,12,2026-02-09T12:00:00-05:00,3561016.6694444446,3572042.5,2958040,3731019,161113.666260272,2958040,3719293,360,761253,25.735047531473544,3726390.1891414146,3934228.5888888887,398630.15645877534,-0.4148545136827154,-373211.9194444441
2026-02-09,13,2026-02-09T13:00:00-05:00,4238231.672222222,4247863.0,3717357,4409298,141089.07551617615,3719675,4345851,360,626176,16.834158898290845,4510962.88510101,4723546.147222222,427493.136907633,-0.6379779915337355,-485314.4749999996
2026-02-09,14,2026-02-09T14:00:00-05:00,4723601.111111111,4743101.5,4346281,4821904,86113.22040779568,4346281,4803151,360,456870,10.511745559019309,5158839.693434344,5382707.861111111,448866.21684827335,-0.969639874836811,-659106.75
2026-02-09,15,2026-02-09T15:00:00-05:00,4904665.030555556,4944466.5,4657231,5102690,100512.01534484082,4809215,5102690,360,293475,6.102347264574364,5199510.025277778,5363055.85,759737.5051000695,-0.38808798136586165,-458390.81944444403
2026-02-09,16,2026-02-09T16:00:00-05:00,5070859.708333333,5081395.5,4962721,5122526,36237.91400521745,5096992,5049562,360,-47430,-0.9305488413558428,5146310.4591666665,5369630.827777778,904518.1679535722,-0.08341540668446393,-298771.1194444448
2026-02-09,17,2026-02-09T17:00:00-05:00,4929167.716666667,4922131.0,4806280,5071340,64204.866717565994,5039792,4814755,360,-225037,-4.465204119535092,5247763.4452777775,5486271.26111111,663536.4021101781,-0.4801480786855291,-557103.5444444437
2026-02-09,18,2026-02-09T18:00:00-05:00,4720100.386111111,4721543.5,4605807,4833650,62326.27235812626,4815119,4644748,360,-170371,-3.5382510795683344,4983317.411111111,5203277.590277778,681892.2844317803,-0.3860096836545639,-483177.2041666666
2026-02-09,19,2026-02-09T19:00:00-05:00,4501289.206798866,4496798.0,4422045,4665047,49920.49263447546,4644964,4428609,353,-216355,-4.657840189934734,4915295.709397405,5093007.080555555,573341.886302132,-0.722093592827738,-591717.873756689
2026-02-09,20,2026-02-09T20:00:00-05:00,4159721.8916666666,4221393.5,3504370,4579892,165033.87020993506,4429995,3927980,360,-502015,-11.332179833160083,4482142.385555556,4685403.554166667,558141.899264379,-0.5776676044458118,-525681.6625000006
2026-02-09,21,2026-02-09T21:00:00-05:00,3434342.888888889,3515775.0,3134388,3933125,214032.59109058933,3933125,3149206,360,-783919,-19.931199745749247,3757024.3572222227,3945847.694444444,415250.43591479596,-0.7770767720507434,-511504.80555555504
2026-02-09,22,2026-02-09T22:00:00-05:00,2635216.308333333,2754465.0,2213642,3157545,256438.59079415468,3141853,2214118,360,-927735,-29.52827519301508,2849578.445,2928345.6875,346774.9209350584,-0.6181592835163849,-293129.3791666669
2026-02-09,23,2026-02-09T23:00:00-05:00,1460467.4666666666,1624782.5,978329,2215235,331785.73120623245,2210068,978329,360,-1231739,-55.733081516043846,1619975.623015873,1580079.1847222224,254302.77716978034,-0.6272371781559971,-119611.71805555583
2026-02-10,0,2026-02-10T00:00:00-05:00,546521.45,565916.5,0,977300,335996.6662263604,977300,0,40,-977300,-100.0,,,,,
2026-02-10,6,2026-02-10T06:00:00-05:00,10560.530821917808,11689.5,49,15536,3983.2080703489232,49,13629,292,13580,27714.285714285717,,,,,
2026-02-10,7,2026-02-10T07:00:00-05:00,36989.455555555556,32999.5,13765,49158,8869.816532395333,13765,48867,360,35102,255.00908100254267,37830.636594921176,38142.28055555555,2452.4330021461433,-0.34299858084991336,-1152.824999999997
2026-02-10,8,2026-02-10T08:00:00-05:00,396582.28779069765,368171.5,48910,520419,95428.35627726141,48910,519292,344,470382,961.7297076262522,371885.1415215364,380861.4265129683,36434.39310911126,0.6778525497927167,15720.861277729331
2026-02-10,9,2026-02-10T09:00:00-05:00,1264807.0222222223,1251060.0,518174,1562796,264944.8082160092,518174,1558975,360,1040801,200.85936384303344,1234259.912121212,1264807.0222222223,142243.51886336214,0.21475221047050633,0.0
2026-02-10,10,2026-02-10T10:00:00-05:00,2174176.605555556,2159013.0,1562766,2439150,203635.78132230643,1562766,2431509,360,868743,55.59008834336042,2154595.881060606,2174176.605555556,254896.27607003992,0.0768184015743312,0.0
2026-02-10,11,2026-02-10T11:00:00-05:00,2907967.9694444444,2925744.5,2438197,3108419,157610.22948293053,2439347,3108078,360,668731,27.41434490459947,2883112.9411616162,2907967.9694444444,341010.8596208113,0.07288632482398312,0.0
2026-02-10,12,2026-02-10T12:00:00-05:00,3958411.2944444446,3961033.0,3111478,4164882,212594.89181933232,3116021,4164882,360,1048861,33.6602673730376,3726390.1891414146,3934228.5888888887,398630.15645877534,0.5820460432903165,24182.705555555876
2026-02-10,13,2026-02-10T13:00:00-05:00,4723546.147222222,4728190.5,4151902,4893055,152925.6038561629,4152960,4862529,360,709569,17.085861650485437,4510962.88510101,4723546.147222222,427493.136907633,0.4972787719096035,0.0
2026-02-10,14,2026-02-10T14:00:00-05:00,5382707.861111111,5391073.5,4846561,5600386,170224.27327459378,4865167,5599860,360,734693,15.101084916509548,5158839.693434344,5382707.861111111,448866.21684827335,0.49874140506421694,0.0
2026-02-10,15,2026-02-10T15:00:00-05:00,3686896.3916666666,2537281.5,1633913,5767000,1727727.7508145326,5599958,2012276,360,-3587682,-64.06623049672872,5199510.025277778,5363055.85,759737.5051000695,-1.990968753624814,-1676159.458333333
2026-02-10,16,2026-02-10T16:00:00-05:00,3337992.988888889,2418514.5,1600223,5733977,1628608.2352981407,2001131,5580704,360,3579573,178.87749477670377,5146310.4591666665,5369630.827777778,904518.1679535722,-1.999205250204102,-2031637.8388888887
2026-02-10,17,2026-02-10T17:00:00-05:00,5566658.255555555,5567218.0,5448426,5696912,43170.0931303345,5581268,5538023,360,-43245,-0.7748239288993111,5247763.4452777775,5486271.26111111,663536.4021101781,0.4805988175835246,80386.99444444478
2026-02-10,18,2026-02-10T18:00:00-05:00,5375206.869444445,5396670.5,5247320,5559498,63292.117387428516,5559498,5248626,360,-310872,-5.591727886222821,4983317.411111111,5203277.590277778,681892.2844317803,0.5747087440062396,171929.2791666668
2026-02-10,19,2026-02-10T19:00:00-05:00,5174996.980555556,5165118.0,5111953,5262011,40787.96654241682,5242833,5119096,360,-123737,-2.360117135144301,4915295.709397405,5093007.080555555,573341.886302132,0.4529605761636199,81989.90000000037
2026-02-10,20,2026-02-10T20:00:00-05:00,4802183.975,4870345.5,4497640,5124121,141158.9151588621,5124121,4497640,360,-626481,-12.226116440263608,4482142.385555556,4685403.554166667,558141.899264379,0.5734054187049075,116780.42083333246
2026-02-10,21,2026-02-10T21:00:00-05:00,3985007.058333333,4092167.0,3666302,4513937,219320.93015568753,4493284,3669536,360,-823748,-18.33287190393485,3757024.3572222227,3945847.694444444,415250.43591479596,0.5490245918920348,39159.363888889086
2026-02-10,22,2026-02-10T22:00:00-05:00,2947362.7583333333,3119955.5,2440734,3663278,350340.33859079314,3658536,2440734,360,-1217802,-33.28659332585493,2849578.445,2928345.6875,346774.9209350584,0.28198207952773446,19017.070833333302
2026-02-10,23,2026-02-10T23:00:00-05:00,1601742.2305555556,1770773.0,1075282,2449664,362808.8177551206,2449664,1075282,360,-1374382,-56.10491887867071,1619975.623015873,1580079.1847222224,254302.77716978034,-0.07169954124466434,21663.045833333163
2026-02-11,0,2026-02-11T00:00:00-05:00,606610.5,630405.0,2763,1074886,367318.8385670634,1074886,2763,40,-1072123,-99.74294948487561,,,,,
2026-02-11,6,2026-02-11T06:00:00-05:00,15647.75,17484.0,82,23020,5997.337911946327,82,21122,292,21040,25658.53658536585,,,,,
2026-02-11,7,2026-02-11T07:00:00-05:00,41790.552777777775,39794.0,21047,51986,6367.7641220165615,21047,51986,360,30939,146.99957238561313,37830.636594921176,38142.28055555555,2452.4330021461433,1.6146888332489595,3648.272222222222
2026-02-11,8,2026-02-11T08:00:00-05:00,403246.8722222222,353744.5,52008,551012,113847.77397982747,52008,525944,360,473936,911.2751884325488,371885.1415215364,380861.4265129683,36434.39310911126,0.8607726937228191,22385.445709253894
2026-02-11,9,2026-02-11T09:00:00-05:00,1366806.5027777778,1325491.5,520282,1693792,285346.077971751,528576,1692771,360,1164195,220.2512032328369,1234259.912121212,1264807.0222222223,142243.51886336214,0.9318286816560606,101999.48055555555
2026-02-11,10,2026-02-11T10:00:00-05:00,2404432.408333333,2347212.5,1690594,2700540,229066.51240416078,1690594,2695825,360,1005231,59.46022522261406,2154595.881060606,2174176.605555556,254896.27607003992,0.980149773565455,230255.80277777743
2026-02-11,11,2026-02-11T11:00:00-05:00,3228305.788888889,3225620.5,2693831,3415266,171895.67656136653,2693831,3413209,360,719378,26.704644797687756,2883112.9411616162,2907967.9694444444,341010.8596208113,1.0122635041919532,320337.8194444445
2026-02-11,12,2026-02-11T12:00:00-05:00,4057404.386111111,4043645.0,3419631,4245466,175878.4803488002,3419631,4236823,360,817192,23.89708129327404,3726390.1891414146,3934228.5888888887,398630.15645877534,0.8303792164402605,123175.7972222222
2026-02-11,13,2026-02-11T13:00:00-05:00,4857690.330555555,4815872.5,4236348,5065625,172323.1410703947,4236348,5059871,360,823523,19.439455870953,4510962.88510101,4723546.147222222,427493.136907633,0.8110713728942543,134144.18333333358
2026-02-11,14,2026-02-11T14:00:00-05:00,5523913.672222222,5509106.0,5049530,5710374,144526.74743140384,5049530,5629053,360,579523,11.476771105429615,5158839.693434344,5382707.861111111,448866.21684827335,0.8133246947191874,141205.8111111112
2026-02-11,15,2026-02-11T15:00:00-05:00,5630566.0,5630566.0,5630566,5630566,,5630566,5630566,1,0,0.0,5199510.025277778,5363055.85,759737.5051000695,0.5673748785976356,267510.1500000004
