source_file,plot_name,metric_name,value_prefix,value_suffix,window_start,window_end,point_count,cadence_seconds,window_duration_seconds,window_fingerprint,first_value,last_value,min_value,max_value,mean_value,duplicate_rank,duplicate_group_size,is_duplicate_window,is_canonical_window,is_incomplete_window,window_day
AVAILABILITY-data.csv,NOW,synthetic_monitoring_visible_stores,,,2026-02-01T06:11:20-05:00,2026-02-01T07:00:00-05:00,293,10,2920,fd807627714928165c966572aba8c805d8841681,37,18751,37,20762,14323.34,1,1,False,True,True,2026-02-01
AVAILABILITY-data (1).csv,NOW,synthetic_monitoring_visible_stores,,,2026-02-01T06:59:40-05:00,2026-02-01T08:00:00-05:00,363,10,3620,7e7e3373d48cb8cb8b02361ecfb34f79fcbf7aa7,18647,39745,18647,39771,33460.9,1,1,False,True,False,2026-02-01
AVAILABILITY-data (2).csv,NOW,synthetic_monitoring_visible_stores,,,2026-02-01T07:59:40-05:00,2026-02-01T09:00:00-05:00,363,10,3620,7376a046b77fd62c808c2ada2dbb74e517674d42,39771,424536,39745,425546,325770.38,1,1,False,True,False,2026-02-01
AVAILABILITY-data (3).csv,NOW,synthetic_monitoring_visible_stores,,,2026-02-01T08:59:40-05:00,2026-02-01T10:00:00-05:00,363,10,3620,9489495695c2ee1d3918ef5532318ae9ee8df802,424265,1231534,424265,1282681,1033794.44,1,1,False,True,False,2026-02-01
AVAILABILITY-data (4).csv,NOW,synthetic_monitoring_visible_stores,,,2026-02-01T09:59:40-05:00,2026-02-01T11:00:00-05:00,363,10,3620,0f0c85d1f4ca09ef83c7782ea5d28963de686558,1231899,2039683,1228440,2056874,1833546.56,1,1,False,True,False,2026-02-01
AVAILABILITY-data (5).csv,NOW,synthetic_monitoring_visible_stores,,,2026-02-01T10:59:40-05:00,2026-02-01T12:00:00-05:00,363,10,3620,959aa15c72755caf2139bdbc2073fd2af7f01ed4,2039594,2725656,2038633,2731352,2488915.48,1,1,False,True,False,2026-02-01
AVAILABILITY-data (6).csv,NOW,synthetic_monitoring_visible_stores,,,2026-02-01T11:59:40-05:00,2026-02-01T13:00:00-05:00,363,10,3620,ceab881b776328c29d208a6fce999756a061a19a,2731352,3466178,2725656,3488777,3274513.12,1,1,False,True,False,2026-02-01
AVAILABILITY-data (7).csv,NOW,synthetic_monitoring_visible_stores,,,2026-02-01T12:59:40-05:00,2026-02-01T14:00:00-05:00,363,10,3620,957d70d4a936e92dd16af9fb6c8cc07245638211,3466890,4343596,3466178,4386731,4122764.6,1,1,False,True,False,2026-02-01
AVAILABILITY-data (8).csv,NOW,synthetic_monitoring_visible_stores,,,2026-02-01T13:59:40-05:00,2026-02-01T15:00:00-05:00,363,10,3620,f6dcff268b117d426764475f798475c15afaed09,4340908,5036598,4340908,5059827,4866169.76,1,1,False,True,False,2026-02-01
AVAILABILITY-data (9).csv,NOW,synthetic_monitoring_visible_stores,,,2026-02-01T14:59:40-05:00,2026-02-01T16:00:00-05:00,363,10,3620,68186c0890261fa20767d1397150836d6b118e59,5032942,5168418,5026136,5224516,5158635.74,1,1,False,True,False,2026-02-01
AVAILABILITY-data (10).csv,NOW,synthetic_monitoring_visible_stores,,,2026-02-01T15:59:40-05:00,2026-02-01T17:00:00-05:00,363,10,3620,9750c23ea3438c5162e362390b93ebb67acf4b9a,5171229,5262710,4965871,5275443,5145807.58,1,1,False,True,False,2026-02-01
AVAILABILITY-data (11).csv,NOW,synthetic_monitoring_visible_stores,,,2026-02-01T16:59:40-05:00,2026-02-01T18:00:00-05:00,363,10,3620,205ab54bc41a693e242b65e57829584100803ffc,5269487,4852444,4812101,5280107,5007865.17,1,1,False,True,False,2026-02-01
AVAILABILITY-data (12).csv,NOW,synthetic_monitoring_visible_stores,,,2026-02-01T17:59:40-05:00,2026-02-01T19:00:00-05:00,363,10,3620,68de38562ce57724389dfcff74b1d33777b6956c,4861150,4609375,4601422,4863737,4741176.18,1,1,False,True,False,2026-02-01
AVAILABILITY-data (13).csv,NOW,synthetic_monitoring_visible_stores,,,2026-02-01T18:59:40-05:00,2026-02-01T20:00:00-05:00,363,10,3620,0258636bda1270905c329369573c88329b442b3c,4617987,4419940,4303482,4617987,4440455.59,1,1,False,True,False,2026-02-01
AVAILABILITY-data (14).csv,NOW,synthetic_monitoring_visible_stores,,,2026-02-01T19:59:40-05:00,2026-02-01T21:00:00-05:00,363,10,3620,cbeb0a2fb22991dc48aaae18ea23c11c071d5e60,4401118,3888181,3861386,4430975,4092688.2,1,1,False,True,False,2026-02-01
AVAILABILITY-data (15).csv,NOW,synthetic_monitoring_visible_stores,,,2026-02-01T20:59:40-05:00,2026-02-01T22:00:00-05:00,363,10,3620,d13e11fd6ce47139a79eeffe28194b2a3ee14dfb,3885379,3170000,3161669,3892304,3431134.83,1,1,False,True,False,2026-02-01
AVAILABILITY-data (16).csv,NOW,synthetic_monitoring_visible_stores,,,2026-02-01T21:59:40-05:00,2026-02-01T23:00:00-05:00,363,10,3620,89ca7f5c95664184f3a3617cb454abc09fc43913,3172021,2046491,2046491,3173541,2424581.13,1,1,False,True,False,2026-02-01
AVAILABILITY-data (17).csv,NOW,synthetic_monitoring_visible_stores,,,2026-02-01T22:59:40-05:00,2026-02-02T00:00:00-05:00,363,10,3620,1a18bb3ef67afc7d783505a50a5d404bf315df7b,2049507,979359,977255,2051211,1395815.34,1,1,False,True,False,2026-02-01
AVAILABILITY-data (18).csv,NOW,synthetic_monitoring_visible_stores,,,2026-02-01T23:59:40-05:00,2026-02-02T00:06:20-05:00,41,10,400,4f54aeb7cd95e18d7a2f74cef8df07aa59ad69c2,977255,1382,1382,980304,570681.73,1,1,False,True,True,2026-02-01
AVAILABILITY-data (19).csv,NOW,synthetic_monitoring_visible_stores,,,2026-02-02T06:11:20-05:00,2026-02-02T07:00:00-05:00,293,10,2920,87932fbad5d5144aa9c1434fec977100ee38c135,28,16474,28,19111,12530.71,1,1,False,True,True,2026-02-02
AVAILABILITY-data (20).csv,NOW,synthetic_monitoring_visible_stores,,,2026-02-02T06:59:40-05:00,2026-02-02T08:00:00-05:00,363,10,3620,96262b2f6724d8fe609f7905cb1bcf647135bad2,16532,42547,16447,42640,34698.65,1,1,False,True,False,2026-02-02
AVAILABILITY-data (21).csv,NOW,synthetic_monitoring_visible_stores,,,2026-02-02T07:59:40-05:00,2026-02-02T09:00:00-05:00,363,10,3620,e90f1f11158a0ff7886417381019cf968ac442a5,42640,430325,42522,431222,323511.01,1,1,False,True,False,2026-02-02
AVAILABILITY-data (22).csv,NOW,synthetic_monitoring_visible_stores,,,2026-02-02T08:59:40-05:00,2026-02-02T10:00:00-05:00,363,10,3620,4f1b3771a3fb88677f3fe545f18254080d5fc434,430477,1282907,430126,1289239,1056075.56,1,1,False,True,False,2026-02-02
AVAILABILITY-data (23).csv,NOW,synthetic_monitoring_visible_stores,,,2026-02-02T09:59:40-05:00,2026-02-02T11:00:00-05:00,363,10,3620,6e983e2e6a7fede964a00d182d1d5b673f1af8ab,1285176,1941205,1282263,1941205,1779458.06,1,1,False,True,False,2026-02-02
AVAILABILITY-data (24).csv,NOW,synthetic_monitoring_visible_stores,,,2026-02-02T10:59:40-05:00,2026-02-02T12:00:00-05:00,363,10,3620,8a7842913eeb30625aff27b362cfd3ad94d5dee2,1940414,2472258,1940414,2472258,2343689.93,1,1,False,True,False,2026-02-02
AVAILABILITY-data (25).csv,NOW,synthetic_monitoring_visible_stores,,,2026-02-02T11:59:40-05:00,2026-02-02T13:00:00-05:00,363,10,3620,7d72373be08d233400f0c03d2718ac8ea078d424,2470694,3168506,2470694,3191782,3019786.44,1,1,False,True,False,2026-02-02
AVAILABILITY-data (26).csv,NOW,synthetic_monitoring_visible_stores,,,2026-02-02T12:59:40-05:00,2026-02-02T14:00:00-05:00,363,10,3620,816d42275703cb424b94670747ee02e8186d119d,3168939,3816816,3168410,3843871,3697831.5,1,1,False,True,False,2026-02-02
AVAILABILITY-data (27).csv,NOW,synthetic_monitoring_visible_stores,,,2026-02-02T13:59:40-05:00,2026-02-02T15:00:00-05:00,363,10,3620,03ee8dbe4b49c74e4ab2b1a827df824e225c8459,3817442,4393300,3816338,4409752,4271701.66,1,1,False,True,False,2026-02-02
AVAILABILITY-data (28).csv,NOW,synthetic_monitoring_visible_stores,,,2026-02-02T14:59:40-05:00,2026-02-02T16:00:00-05:00,363,10,3620,993baaa7ca6a17e45c63d871a2ba0898775bd5fe,4388794,4266258,4151895,4554582,4408755.12,1,1,False,True,False,2026-02-02
AVAILABILITY-data (29).csv,NOW,synthetic_monitoring_visible_stores,,,2026-02-02T15:59:40-05:00,2026-02-02T17:00:00-05:00,363,10,3620,cfc08ec349e320d26a8c5bfbf3b9a2469971b939,4221709,4008166,4006989,4337441,4171350.46,1,1,False,True,False,2026-02-02
AVAILABILITY-data (30).csv,NOW,synthetic_monitoring_visible_stores,,,2026-02-02T16:59:40-05:00,2026-02-02T18:00:00-05:00,363,10,3620,b1c968ac9c4e019a8465fe0e5de17c32c147fe76,4006989,3962637,3955820,4114478,4025769.02,1,1,False,True,False,2026-02-02
AVAILABILITY-data (31).csv,NOW,synthetic_monitoring_visible_stores,,,2026-02-02T17:59:40-05:00,2026-02-02T19:00:00-05:00,363,10,3620,88759153a3508eb90062b59779a1df6c3237a370,3961419,3723735,3723735,3970382,3860426.64,1,1,False,True,False,2026-02-02
AVAILABILITY-data (32).csv,NOW,synthetic_monitoring_visible_stores,,,2026-02-02T19:00:00-05:00,2026-02-02T20:00:00-05:00,361,10,3600,c538930f93a05fb3b36d91da35105ca2f2eefaaa,3723735,3810974,3610433,3863625,3788569.15,1,1,False,True,True,2026-02-02
AVAILABILITY-data (33).csv,NOW,synthetic_monitoring_visible_stores,,,2026-02-02T19:59:40-05:00,2026-02-02T21:00:00-05:00,363,10,3620,8c080f186d3418fd6cdedd8f97935fbd0622ce3a,3812677,3331201,3299959,3812677,3474684.99,1,1,False,True,False,2026-02-02
AVAILABILITY-data (34).csv,NOW,synthetic_monitoring_visible_stores,,,2026-02-02T20:59:40-05:00,2026-02-02T22:00:00-05:00,363,10,3620,144951611f96bdecb0a76a3d595e794bcdda9ca6,3330739,2737754,2729131,3332224,2973477.96,1,1,False,True,False,2026-02-02
AVAILABILITY-data (35).csv,NOW,synthetic_monitoring_visible_stores,,,2026-02-02T21:59:40-05:00,2026-02-02T23:00:00-05:00,363,10,3620,51699ad98426566630eedaccd0b37287798e78de,2736938,1878499,1878499,2738245,2244832.47,1,1,False,True,False,2026-02-02
AVAILABILITY-data (36).csv,NOW,synthetic_monitoring_visible_stores,,,2026-02-02T23:08:50-05:00,2026-02-03T00:00:00-05:00,308,10,3070,c9fc299c0b8599c6ea900c60f5cc26930a56eab6,1479469,842111,842111,1504629,1193896.64,1,1,False,True,True,2026-02-02
AVAILABILITY-data (37).csv,NOW,synthetic_monitoring_visible_stores,,,2026-02-02T23:59:40-05:00,2026-02-03T00:06:30-05:00,42,10,410,476d5f53a1c5da8d79fb0269a4a45247a3ea845a,845210,361,361,845210,494347.02,1,1,False,True,True,2026-02-02
AVAILABILITY-data (38).csv,NOW,synthetic_monitoring_visible_stores,,,2026-02-03T06:11:20-05:00,2026-02-03T07:00:00-05:00,293,10,2920,1cb6fb44dab712cbf36f77f8c4f1422943dd057e,0,18920,0,20193,13226.93,1,1,False,True,True,2026-02-03
AVAILABILITY-data (39).csv,NOW,synthetic_monitoring_visible_stores,,,2026-02-03T07:06:40-05:00,2026-02-03T08:00:00-05:00,321,10,3200,625b040630c23397c61ca92a9b62fedad9400d49,31809,49006,30730,49006,39520.8,1,1,False,True,True,2026-02-03
AVAILABILITY-data (40).csv,NOW,synthetic_monitoring_visible_stores,,,2026-02-03T07:59:40-05:00,2026-02-03T09:00:00-05:00,363,10,3620,a0bd653967be9e3485865c90595866a5e405e611,48943,509786,48943,509786,374043.53,1,2,True,True,False,2026-02-03
AVAILABILITY-data (41).csv,NOW,synthetic_monitoring_visible_stores,,,2026-02-03T07:59:40-05:00,2026-02-03T09:00:00-05:00,363,10,3620,a0bd653967be9e3485865c90595866a5e405e611,48943,509786,48943,509786,374043.53,2,2,True,False,False,2026-02-03
AVAILABILITY-data (42).csv,NOW,synthetic_monitoring_visible_stores,,,2026-02-03T08:59:40-05:00,2026-02-03T10:00:00-05:00,363,10,3620,2e335233240760553b5bee8bdf20a8ae08a0f6ca,508500,1556262,508500,1556262,1249601.37,1,1,False,True,False,2026-02-03
AVAILABILITY-data (43).csv,NOW,synthetic_monitoring_visible_stores,,,2026-02-03T09:59:40-05:00,2026-02-03T11:00:00-05:00,363,10,3620,eb16c44bf4db790209dc35a6dd244742202bcbe2,1555217,2401586,1555217,2401586,2144606.76,1,1,False,True,False,2026-02-03
AVAILABILITY-data (44).csv,NOW,synthetic_monitoring_visible_stores,,,2026-02-03T10:59:40-05:00,2026-02-03T12:00:00-05:00,363,10,3620,21aaae149cd4ed11154689f68dff828bc398dee4,2400206,3045033,2400206,3045033,2840289.42,1,1,False,True,False,2026-02-03
AVAILABILITY-data (45).csv,NOW,synthetic_monitoring_visible_stores,,,2026-02-03T11:59:40-05:00,2026-02-03T13:00:00-05:00,363,10,3620,9aef750c883922440a5588aaf55adc525a801406,3042471,4002936,3042471,4035183,3831204.08,1,1,False,True,False,2026-02-03
AVAILABILITY-data (46).csv,NOW,synthetic_monitoring_visible_stores,,,2026-02-03T12:59:40-05:00,2026-02-03T14:00:00-05:00,363,10,3620,a46425bbd1c662128cb714301129a75a829d1b22,4002625,4754536,4002625,4802827,4581733.98,1,1,False,True,False,2026-02-03
AVAILABILITY-data (47).csv,NOW,synthetic_monitoring_visible_stores,,,2026-02-03T13:59:40-05:00,2026-02-03T15:00:00-05:00,363,10,3620,675878310df7c80673bd5968782cacf55ee3ad38,4742864,5412957,4742864,5414159,5221344.59,1,1,False,True,False,2026-02-03
AVAILABILITY-data (48).csv,NOW,synthetic_monitoring_visible_stores,,,2026-02-03T14:59:40-05:00,2026-02-03T16:00:00-05:00,363,10,3620,784c797974af42cf3e9f01043969f321c3cc8ca2,5413972,5648245,5412957,5708166,5566217.31,1,1,False,True,False,2026-02-03
AVAILABILITY-data (49).csv,NOW,synthetic_monitoring_visible_stores,,,2026-02-03T15:59:40-05:00,2026-02-03T17:00:00-05:00,363,10,3620,74a8628fadce1edf699b7e9a274b86e6cc9cfd1c,5647768,5631460,5604743,5672150,5636342.99,1,1,False,True,False,2026-02-03
AVAILABILITY-data (50).csv,NOW,synthetic_monitoring_visible_stores,,,2026-02-03T16:59:40-05:00,2026-02-03T18:00:00-05:00,363,10,3620,e1ecff2617b0527653e42eb6accddb2f92062ce7,5629417,5366038,5342944,5648394,5513497.68,1,1,False,True,False,2026-02-03
AVAILABILITY-data (51).csv,NOW,synthetic_monitoring_visible_stores,,,2026-02-03T17:59:40-05:00,2026-02-03T19:00:00-05:00,363,10,3620,ba62c0952eb0c042dc3d577ef89feaf0352d3c2a,5366395,5028408,5027540,5387285,5207390.74,1,1,False,True,False,2026-02-03
AVAILABILITY-data (52).csv,NOW,synthetic_monitoring_visible_stores,,,2026-02-03T18:59:40-05:00,2026-02-03T20:00:00-05:00,363,10,3620,1d9153ffd8e91726c8ff1f2ebe9e514305eb9832,5035821,4925966,4844921,5059470,4950075.53,1,1,False,True,False,2026-02-03
AVAILABILITY-data (53).csv,NOW,synthetic_monitoring_visible_stores,,,2026-02-03T19:59:40-05:00,2026-02-03T21:00:00-05:00,363,10,3620,b47217bd17c361e27b64ebfa818402967116fc20,4917057,4415846,4376619,4951683,4594311.72,1,1,False,True,False,2026-02-03
AVAILABILITY-data (54).csv,NOW,synthetic_monitoring_visible_stores,,,2026-02-03T20:59:40-05:00,2026-02-03T22:00:00-05:00,363,10,3620,c667d71b0467aaca85716e5470ee4c15a5f82c8f,4420859,3614854,3614854,4420859,3908711.92,1,1,False,True,False,2026-02-03
AVAILABILITY-data (55).csv,NOW,synthetic_monitoring_visible_stores,,,2026-02-03T21:59:40-05:00,2026-02-03T23:00:00-05:00,363,10,3620,5cf0ae56df507dcae9d3d16c16b85be9a4501cb8,3617085,2404878,2404878,3617085,2911835.62,1,1,False,True,False,2026-02-03
AVAILABILITY-data (56).csv,NOW,synthetic_monitoring_visible_stores,,,2026-02-03T22:59:40-05:00,2026-02-04T00:00:00-05:00,363,10,3620,a5ef9cd79a96a1ef6701cff88d39e38ff7e2de54,2410227,1030636,1030636,2410227,1561647.71,1,1,False,True,False,2026-02-03
AVAILABILITY-data (57).csv,NOW,synthetic_monitoring_visible_stores,,,2026-02-03T23:59:40-05:00,2026-02-04T00:06:20-05:00,41,10,400,9465895af48cc202e4fbcc99ff0a2bcc931fd392,1032816,5186,5186,1032816,613257.71,1,1,False,True,True,2026-02-03
AVAILABILITY-data (58).csv,NOW,synthetic_monitoring_visible_stores,,,2026-02-04T06:11:20-05:00,2026-02-04T07:00:00-05:00,293,10,2920,92cb99413189cbf2180e98b23e30c45a197e7757,0,17919,0,19010,13925.46,1,1,False,True,True,2026-02-04
AVAILABILITY-data (59).csv,NOW,synthetic_monitoring_visible_stores,,,2026-02-04T06:59:40-05:00,2026-02-04T08:00:00-05:00,363,10,3620,b9eee48f16dfd8f138b464bc65f423bcf633e5cb,17895,49517,17895,49517,38905.21,1,1,False,True,False,2026-02-04
AVAILABILITY-data (60).csv,NOW,synthetic_monitoring_visible_stores,,,2026-02-04T07:59:40-05:00,2026-02-04T09:00:00-05:00,363,10,3620,beb0cdf73256ee9874832e7592b0508b30e11fae,49386,529094,49386,529139,391225.47,1,1,False,True,False,2026-02-04
AVAILABILITY-data (61).csv,NOW,synthetic_monitoring_visible_stores,,,2026-02-04T08:59:40-05:00,2026-02-04T10:00:00-05:00,363,10,3620,94ce2b6c0beec61aab06dbad4d908a2dc3c2444d,528966,1680003,528966,1680003,1331894.13,1,1,False,True,False,2026-02-04
AVAILABILITY-data (62).csv,NOW,synthetic_monitoring_visible_stores,,,2026-02-04T09:59:40-05:00,2026-02-04T11:00:00-05:00,363,10,3620,8e78479b3e0b68e677ce1a81676d6ecf270d8a9b,1678421,2593523,1678421,2593523,2330778.46,1,1,False,True,False,2026-02-04
AVAILABILITY-data (63).csv,NOW,synthetic_monitoring_visible_stores,,,2026-02-04T10:59:40-05:00,2026-02-04T12:00:00-05:00,363,10,3620,c3800c1593cd40957e80b89325390479b606a75c,2592678,3346679,2592678,3346679,3132368.5,1,1,False,True,False,2026-02-04
AVAILABILITY-data (64).csv,NOW,synthetic_monitoring_visible_stores,,,2026-02-04T11:59:40-05:00,2026-02-04T13:00:00-05:00,363,10,3620,716eb5229f4f728ab9c3ac2c2f9f940938deccdb,3345695,4161683,3345695,4165384,3951676.91,1,1,False,True,False,2026-02-04
AVAILABILITY-data (65).csv,NOW,synthetic_monitoring_visible_stores,,,2026-02-04T12:59:40-05:00,2026-02-04T14:00:00-05:00,363,10,3620,4a8b88e9390da499f59ac132c1455a1635bf7c32,4159992,4874487,4159992,4957453,4772071.96,1,1,False,True,False,2026-02-04
AVAILABILITY-data (66).csv,NOW,synthetic_monitoring_visible_stores,,,2026-02-04T13:59:40-05:00,2026-02-04T15:00:00-05:00,363,10,3620,e83a1c7ce671e13aee63f4f3f8e63339215763ff,4875174,5626669,4874487,5645867,5434138.98,1,1,False,True,False,2026-02-04
AVAILABILITY-data (67).csv,NOW,synthetic_monitoring_visible_stores,,,2026-02-04T14:59:40-05:00,2026-02-04T16:00:00-05:00,363,10,3620,c841054d537bf56e07c57db6ad7933443c04b47f,5626969,5852242,5463614,5917626,5785663.05,1,1,False,True,False,2026-02-04
AVAILABILITY-data (68).csv,NOW,synthetic_monitoring_visible_stores,,,2026-02-04T15:59:40-05:00,2026-02-04T17:00:00-05:00,363,10,3620,e8238bfd489484774737cbabd48c24f696ae54f8,5852171,5878167,5760867,5901610,5849839.52,1,1,False,True,False,2026-02-04
AVAILABILITY-data (69).csv,NOW,synthetic_monitoring_visible_stores,,,2026-02-04T16:59:40-05:00,2026-02-04T18:00:00-05:00,363,10,3620,6d9093b7c8e349316023eb387cb66e315f337bf6,5876401,5609792,5608019,5890138,5738992.52,1,1,False,True,False,2026-02-04
AVAILABILITY-data (70).csv,NOW,synthetic_monitoring_visible_stores,,,2026-02-04T17:59:40-05:00,2026-02-04T19:00:00-05:00,363,10,3620,f120ec15fa31581e65e95ab734022f1935ebd2d6,5610448,5417966,5393105,5614565,5493854.69,1,1,False,True,False,2026-02-04
AVAILABILITY-data (71).csv,NOW,synthetic_monitoring_visible_stores,,,2026-02-04T18:59:40-05:00,2026-02-04T20:00:00-05:00,363,10,3620,6b7fde28117a0fe0861aefed2c589957e3a33801,5417113,4945997,4924786,5428814,5222679.43,1,1,False,True,False,2026-02-04
AVAILABILITY-data (72).csv,NOW,synthetic_monitoring_visible_stores,,,2026-02-04T19:59:40-05:00,2026-02-04T21:00:00-05:00,363,10,3620,7adfaa4e8888777d650d885f08a4a60091578fb4,4944095,4586647,4586647,4958987,4778201.94,1,1,False,True,False,2026-02-04
AVAILABILITY-data (73).csv,NOW,synthetic_monitoring_visible_stores,,,2026-02-04T20:59:40-05:00,2026-02-04T22:00:00-05:00,363,10,3620,1e10099037d1b2b0d704ccebf505cc66a39b3fe6,4590817,3652955,3652955,4590817,4052843.86,1,1,False,True,False,2026-02-04
AVAILABILITY-data (74).csv,NOW,synthetic_monitoring_visible_stores,,,2026-02-04T21:59:40-05:00,2026-02-04T23:00:00-05:00,363,10,3620,548bb31920018165ea0a862a38b5cbacc16afb02,3655043,2583293,2583293,3655487,3073663.61,1,1,False,True,False,2026-02-04
AVAILABILITY-data (75).csv,NOW,synthetic_monitoring_visible_stores,,,2026-02-04T22:59:40-05:00,2026-02-05T00:00:00-05:00,363,10,3620,52e0aa251c1db8943f17cf85096a10fe1e94fead,2586932,1134935,1134935,2586932,1700699.11,1,1,False,True,False,2026-02-04
AVAILABILITY-data (76).csv,NOW,synthetic_monitoring_visible_stores,,,2026-02-05T06:11:20-05:00,2026-02-05T07:00:00-05:00,293,10,2920,f57c918f6a731e6d5e300b504d57918685dbdbd6,0,15390,0,16801,10839.9,1,1,False,True,True,2026-02-05
AVAILABILITY-data (77).csv,NOW,synthetic_monitoring_visible_stores,,,2026-02-05T06:59:40-05:00,2026-02-05T08:00:00-05:00,363,10,3620,59b85012dbcc2cfe6696191cb7dceedc2ed84740,15357,50355,15357,50359,38050.44,1,1,False,True,False,2026-02-05
AVAILABILITY-data (78).csv,NOW,synthetic_monitoring_visible_stores,,,2026-02-05T07:59:40-05:00,2026-02-05T09:00:00-05:00,363,10,3620,9ee8ba24f90b1db0a910f00820cdb1acf48af913,50353,539494,50353,539494,396189.82,1,1,False,True,False,2026-02-05
AVAILABILITY-data (79).csv,NOW,synthetic_monitoring_visible_stores,,,2026-02-05T08:59:40-05:00,2026-02-05T10:00:00-05:00,363,10,3620,443b5932253a6ea3be98c476cac3b2230c9252d8,537749,1728353,537749,1728353,1349867.12,1,2,True,True,False,2026-02-05
AVAILABILITY-data (80).csv,NOW,synthetic_monitoring_visible_stores,,,2026-02-05T08:59:40-05:00,2026-02-05T10:00:00-05:00,363,10,3620,443b5932253a6ea3be98c476cac3b2230c9252d8,537749,1728353,537749,1728353,1349867.12,2,2,True,False,False,2026-02-05
AVAILABILITY-data (81).csv,NOW,synthetic_monitoring_visible_stores,,,2026-02-05T09:59:40-05:00,2026-02-05T11:00:00-05:00,363,10,3620,9996da06af16dc7643ca54d637e0ad59a5d9e41e,1726455,2636672,1433779,2674483,2355184.52,1,1,False,True,False,2026-02-05
AVAILABILITY-data (82).csv,NOW,synthetic_monitoring_visible_stores,,,2026-02-05T10:59:40-05:00,2026-02-05T12:00:00-05:00,363,10,3620,754afd4f79c587c744c974fa12776069fd27ed6b,2637464,3447982,2636245,3447982,3213784.01,1,1,False,True,False,2026-02-05
AVAILABILITY-data (83).csv,NOW,synthetic_monitoring_visible_stores,,,2026-02-05T11:59:40-05:00,2026-02-05T13:00:00-05:00,363,10,3620,e48b430b95b11c6cbfe236c574b72abc5b4a226c,3447672,4300006,3447672,4315005,4080347.26,1,1,False,True,False,2026-02-05
AVAILABILITY-data (84).csv,NOW,synthetic_monitoring_visible_stores,,,2026-02-05T12:59:40-05:00,2026-02-05T14:00:00-05:00,363,10,3620,2084635c6220e7be997ff694387bcff948a9a952,4297744,5036615,4297744,5036615,4815492.67,1,1,False,True,False,2026-02-05
AVAILABILITY-data (85).csv,NOW,synthetic_monitoring_visible_stores,,,2026-02-05T13:59:40-05:00,2026-02-05T15:00:00-05:00,363,10,3620,57a01a07d6c70688847923bbe285f4c7e138222c,5030900,5493675,5030900,5651053,5493205.08,1,1,False,True,False,2026-02-05
AVAILABILITY-data (86).csv,NOW,synthetic_monitoring_visible_stores,,,2026-02-05T14:59:40-05:00,2026-02-05T16:00:00-05:00,363,10,3620,86a054f81440bd9c9452747a630a2630fee548b8,5494241,6092384,5493171,6094399,5908133.58,1,1,False,True,False,2026-02-05
AVAILABILITY-data (87).csv,NOW,synthetic_monitoring_visible_stores,,,2026-02-05T15:59:40-05:00,2026-02-05T17:00:00-05:00,363,10,3620,3b2bd6535b9023bbabffad5a9333e28632771b03,6091101,6049384,6003566,6107574,6039862.84,1,1,False,True,False,2026-02-05
AVAILABILITY-data (88).csv,NOW,synthetic_monitoring_visible_stores,,,2026-02-05T16:59:40-05:00,2026-02-05T18:00:00-05:00,363,10,3620,7b9627a3d52743efc9d13c86d5187ed8dd13f853,6049347,5806207,5798024,6059151,5935507.31,1,1,False,True,False,2026-02-05
AVAILABILITY-data (89).csv,NOW,synthetic_monitoring_visible_stores,,,2026-02-05T17:59:40-05:00,2026-02-05T19:00:00-05:00,363,10,3620,de5ebeb4c18d4c213e472fad192569fe5739ca6b,5805241,5618190,5599859,5813477,5678136.61,1,1,False,True,False,2026-02-05
AVAILABILITY-data (90).csv,NOW,synthetic_monitoring_visible_stores,,,2026-02-05T18:59:40-05:00,2026-02-05T20:00:00-05:00,363,10,3620,66d04e5cafccd418e84f73f4e12bb1f00f2ac633,5620100,5468483,5438816,5625773,5503712.81,1,1,False,True,False,2026-02-05
AVAILABILITY-data (91).csv,NOW,synthetic_monitoring_visible_stores,,,2026-02-05T19:59:40-05:00,2026-02-05T21:00:00-05:00,363,10,3620,b5454c19b6ea4f1d60b41994a13d4464ebd7f7bc,5469279,4861400,4861086,5476694,5142441.71,1,1,False,True,False,2026-02-05
AVAILABILITY-data (92).csv,NOW,synthetic_monitoring_visible_stores,,,2026-02-05T20:59:40-05:00,2026-02-05T22:00:00-05:00,363,10,3620,62bcda56437a8203ed0a5c68033c3323dc5e2c13,4861086,3929961,2980349,4864163,4102141.36,1,1,False,True,False,2026-02-05
AVAILABILITY-data (93).csv,NOW,synthetic_monitoring_visible_stores,,,2026-02-05T21:59:40-05:00,2026-02-05T23:00:00-05:00,363,10,3620,629b75f20271a30f9a50c1a5ba4645b6d9f4d404,3933108,2844215,2844215,3933108,3277194.26,1,1,False,True,False,2026-02-05
AVAILABILITY-data (94).csv,NOW,synthetic_monitoring_visible_stores,,,2026-02-05T22:59:40-05:00,2026-02-06T00:00:00-05:00,363,10,3620,27e7ecba4f87532f3a6ffa3dc3d4346adb3b13bc,2849246,1396354,1396354,2849246,1915057.94,1,1,False,True,False,2026-02-05
AVAILABILITY-data (95).csv,NOW,synthetic_monitoring_visible_stores,,,2026-02-05T23:59:40-05:00,2026-02-06T00:06:30-05:00,42,10,410,7925bd54b8b9bf3ab5c9c6dcf1bdfda4809015ea,1399184,0,0,1399184,824777.69,1,1,False,True,True,2026-02-05
AVAILABILITY-data (96).csv,NOW,synthetic_monitoring_visible_stores,,,2026-02-06T06:11:20-05:00,2026-02-06T07:00:00-05:00,293,10,2920,aba3f077385a65bbbb552153a467cac6454d1538,0,17252,0,19082,13036.96,1,1,False,True,True,2026-02-06
AVAILABILITY-data (97).csv,NOW,synthetic_monitoring_visible_stores,,,2026-02-06T06:59:40-05:00,2026-02-06T08:00:00-05:00,363,10,3620,1f03c822c99819f8b41784b98fe8ccf50199955e,17248,49512,17248,49732,39951.69,1,1,False,True,False,2026-02-06
AVAILABILITY-data (98).csv,NOW,synthetic_monitoring_visible_stores,,,2026-02-06T08:04:00-05:00,2026-02-06T09:00:00-05:00,337,10,3360,46c78fa36ed2d27c230d89750ed3489f59081b0e,237035,554830,237035,554830,419447.6,1,1,False,True,True,2026-02-06
AVAILABILITY-data (99).csv,NOW,synthetic_monitoring_visible_stores,,,2026-02-06T08:59:40-05:00,2026-02-06T10:00:00-05:00,363,10,3620,be274f2b6d09df164474c423c617b92dc4aaf321,554519,1769601,554519,1769601,1398660.51,1,1,False,True,False,2026-02-06
AVAILABILITY-data (100).csv,NOW,synthetic_monitoring_visible_stores,,,2026-02-06T09:59:40-05:00,2026-02-06T11:00:00-05:00,363,10,3620,533004ed1a702ebb659bab9833a1ad75abea3e48,1769140,2750397,1769140,2767407,2485719.4,1,1,False,True,False,2026-02-06
AVAILABILITY-data - 2026-02-11T155953.683.csv,NOW,synthetic_monitoring_visible_stores,,,2026-02-06T10:59:40-05:00,2026-02-06T12:00:00-05:00,363,10,3620,44f8468149f7715cb798fd753a90ae807ac29f70,2749152,3487039,2749152,3496699,3271103.01,1,1,False,True,False,2026-02-06
AVAILABILITY-data - 2026-02-11T155958.052.csv,NOW,synthetic_monitoring_visible_stores,,,2026-02-06T11:59:40-05:00,2026-02-06T13:00:00-05:00,363,10,3620,4399fdee5640b0ae9570c28cfe9e3528fba23533,3485133,4373362,3484859,4382917,4127981.42,1,1,False,True,False,2026-02-06
AVAILABILITY-data - 2026-02-11T160002.161.csv,NOW,synthetic_monitoring_visible_stores,,,2026-02-06T12:59:40-05:00,2026-02-06T14:00:00-05:00,363,10,3620,16d6efb33588f67cc266535246e8905ef05165c6,4372455,5090331,4372455,5100639,4957784.4,1,1,False,True,False,2026-02-06
AVAILABILITY-data - 2026-02-11T160006.379.csv,NOW,synthetic_monitoring_visible_stores,,,2026-02-06T13:59:40-05:00,2026-02-06T15:00:00-05:00,363,10,3620,41a33b555ec732a710c90473dd5fbbdafeebaa76,5090598,5899714,5090108,5899714,5667197.64,1,1,False,True,False,2026-02-06
AVAILABILITY-data - 2026-02-11T160010.761.csv,NOW,synthetic_monitoring_visible_stores,,,2026-02-06T14:59:40-05:00,2026-02-06T16:00:00-05:00,363,10,3620,6288e8eb8448e094135693cea1932fcede5af089,5892778,6187888,5892778,6192228,6128926.6,1,2,True,True,False,2026-02-06
AVAILABILITY-data - 2026-02-11T160224.727.csv,NOW,synthetic_monitoring_visible_stores,,,2026-02-06T14:59:40-05:00,2026-02-06T16:00:00-05:00,363,10,3620,6288e8eb8448e094135693cea1932fcede5af089,5892778,6187888,5892778,6192228,6128926.6,2,2,True,False,False,2026-02-06
AVAILABILITY-data - 2026-02-11T160230.006.csv,NOW,synthetic_monitoring_visible_stores,,,2026-02-06T15:59:40-05:00,2026-02-06T17:00:00-05:00,363,10,3620,f7ab6807fd6a8d33dd2885cec7c66706f45bd80d,6186704,6113064,6047861,6198472,6131200.27,1,1,False,True,False,2026-02-06
AVAILABILITY-data - 2026-02-11T160237.917.csv,NOW,synthetic_monitoring_visible_stores,,,2026-02-06T16:59:40-05:00,2026-02-06T18:00:00-05:00,363,10,3620,f30ce4a67162faa43be249f4a78442b9509e6fd9,6108917,5851690,5851278,6124001,5976683.34,1,1,False,True,False,2026-02-06
AVAILABILITY-data - 2026-02-11T160244.116.csv,NOW,synthetic_monitoring_visible_stores,,,2026-02-06T17:59:40-05:00,2026-02-06T19:00:00-05:00,363,10,3620,66db60e99c4bdf578224263e00b75e9639a237fd,5851278,5612121,5601701,5866732,5707427.79,1,1,False,True,False,2026-02-06
AVAILABILITY-data - 2026-02-11T160249.368.csv,NOW,synthetic_monitoring_visible_stores,,,2026-02-06T18:59:40-05:00,2026-02-06T20:00:00-05:00,363,10,3620,468c28d7368c0e517ab0b4f0018f275f8b8546d0,5615371,5539421,5430438,5685503,5565326.89,1,1,False,True,False,2026-02-06
AVAILABILITY-data - 2026-02-11T160254.541.csv,NOW,synthetic_monitoring_visible_stores,,,2026-02-06T19:59:40-05:00,2026-02-06T21:00:00-05:00,363,10,3620,2dcc39e2c44edf2cb68b321eade8818f148c74bb,5540833,4814164,4802937,5540833,5119584.73,1,1,False,True,False,2026-02-06
AVAILABILITY-data - 2026-02-11T160300.614.csv,NOW,synthetic_monitoring_visible_stores,,,2026-02-06T20:59:40-05:00,2026-02-06T22:00:00-05:00,363,10,3620,20d93fbb538e7dcd84ae1216527dd5b623f0c52c,4811677,3812429,3812369,4823025,4238533.93,1,1,False,True,False,2026-02-06
AVAILABILITY-data - 2026-02-11T160305.443.csv,NOW,synthetic_monitoring_visible_stores,,,2026-02-06T21:59:40-05:00,2026-02-06T23:00:00-05:00,363,10,3620,14bfc8e1c11f68135ba193506c4dd5b2c95eb7db,3812369,2757558,2757558,3828279,3204309.93,1,1,False,True,False,2026-02-06
AVAILABILITY-data - 2026-02-11T160311.568.csv,NOW,synthetic_monitoring_visible_stores,,,2026-02-06T22:59:40-05:00,2026-02-07T00:00:00-05:00,363,10,3620,c6330ea4fd2371dcc4745a32cdb8f6b688e2b1e3,2759481,1504845,1504845,2759481,1960782.12,1,1,False,True,False,2026-02-06
AVAILABILITY-data - 2026-02-11T160316.643.csv,NOW,synthetic_monitoring_visible_stores,,,2026-02-06T23:59:40-05:00,2026-02-07T00:06:20-05:00,41,10,400,c5900b32373b1f1c37e64d7affbc52d8498c2a1c,1506425,29616,29616,1506425,918628.83,1,1,False,True,True,2026-02-06
AVAILABILITY-data - 2026-02-11T160356.526.csv,NOW,synthetic_monitoring_visible_stores,,,2026-02-07T06:11:30-05:00,2026-02-07T07:00:00-05:00,292,10,2910,92c37a48747007411d72e93bae4360663dfa0474,155,18334,155,19302,12451.79,1,1,False,True,True,2026-02-07
AVAILABILITY-data - 2026-02-11T160404.565.csv,NOW,synthetic_monitoring_visible_stores,,,2026-02-07T06:59:40-05:00,2026-02-07T08:00:00-05:00,363,10,3620,40f084f99fab5960fc09d90b1af12bda67e01552,18261,40225,18261,40542,35689.2,1,1,False,True,False,2026-02-07
AVAILABILITY-data - 2026-02-11T160410.510.csv,NOW,synthetic_monitoring_visible_stores,,,2026-02-07T07:59:40-05:00,2026-02-07T09:00:00-05:00,363,10,3620,5adf78a6ef9ecbc6279962524e104468a622e89a,40139,491257,40139,491257,365070.25,1,1,False,True,False,2026-02-07
AVAILABILITY-data - 2026-02-11T160414.589.csv,NOW,synthetic_monitoring_visible_stores,,,2026-02-07T08:59:40-05:00,2026-02-07T10:00:00-05:00,363,10,3620,87765b44de651258c3cee8088e4355dbe4838516,491187,1596438,491187,1596438,1283405.9,1,1,False,True,False,2026-02-07
AVAILABILITY-data - 2026-02-11T160419.720.csv,NOW,synthetic_monitoring_visible_stores,,,2026-02-07T09:59:40-05:00,2026-02-07T11:00:00-05:00,363,10,3620,c1c4da7277bdd7e6151796cc1bc2521b7b37a1f2,1595653,2571654,1595653,2571654,2297202.84,1,1,False,True,False,2026-02-07
AVAILABILITY-data - 2026-02-11T160425.291.csv,NOW,synthetic_monitoring_visible_stores,,,2026-02-07T10:59:40-05:00,2026-02-07T12:00:00-05:00,363,10,3620,ee49ad360d4970935b341402713e9537b4c44fd2,2570513,3283225,2570513,3290131,3092503.06,1,1,False,True,False,2026-02-07
AVAILABILITY-data - 2026-02-11T160429.189.csv,NOW,synthetic_monitoring_visible_stores,,,2026-02-07T11:59:40-05:00,2026-02-07T13:00:00-05:00,363,10,3620,fdb0fbe33278274cde4294955662b9710a8324eb,3284958,4206702,3282257,4206976,3931399.77,1,1,False,True,False,2026-02-07
AVAILABILITY-data - 2026-02-11T160434.574.csv,NOW,synthetic_monitoring_visible_stores,,,2026-02-07T12:59:40-05:00,2026-02-07T14:00:00-05:00,363,10,3620,b58c03db94317006758ee3681695266b2a7807f9,4206922,5048064,4205918,5063230,4858994.92,1,1,False,True,False,2026-02-07
AVAILABILITY-data - 2026-02-11T160439.035.csv,NOW,synthetic_monitoring_visible_stores,,,2026-02-07T13:59:40-05:00,2026-02-07T15:00:00-05:00,363,10,3620,0c31dda2692c23c09ea7385bcb7cee25bba6addb,5050813,5611734,5047077,5614753,5462676.49,1,1,False,True,False,2026-02-07
AVAILABILITY-data - 2026-02-11T160443.729.csv,NOW,synthetic_monitoring_visible_stores,,,2026-02-07T14:59:40-05:00,2026-02-07T16:00:00-05:00,363,10,3620,c887f21c5aaabfe74d1e0980e6cfcb6a0ccd5c23,5609061,5605672,5438395,5738300,5634757.37,1,1,False,True,False,2026-02-07
AVAILABILITY-data - 2026-02-11T160447.539.csv,NOW,synthetic_monitoring_visible_stores,,,2026-02-07T15:59:40-05:00,2026-02-07T17:00:00-05:00,363,10,3620,dcd3751a142d908f36468b63dbacd6fdb1f12b43,5606529,5588479,5537579,5691115,5593988.04,1,1,False,True,False,2026-02-07
AVAILABILITY-data - 2026-02-11T160451.387.csv,NOW,synthetic_monitoring_visible_stores,,,2026-02-07T16:59:40-05:00,2026-02-07T18:00:00-05:00,363,10,3620,7821c1e3f9658957f7374a1f4e18f8d99a6e0b87,5586327,5365775,5314593,5596754,5459725.46,1,1,False,True,False,2026-02-07
AVAILABILITY-data - 2026-02-11T160454.360.csv,NOW,synthetic_monitoring_visible_stores,,,2026-02-07T17:59:40-05:00,2026-02-07T19:00:00-05:00,363,10,3620,1a8801b4aaf72143f16c38c64eaaa11a2953859d,5364207,5091035,5044375,5378848,5200163.8,1,1,False,True,False,2026-02-07
AVAILABILITY-data - 2026-02-11T160458.126.csv,NOW,synthetic_monitoring_visible_stores,,,2026-02-07T18:59:40-05:00,2026-02-07T20:00:00-05:00,363,10,3620,77f662cfeb99c84d33683823397434372b9b92d3,5091855,5089339,4872907,5254339,5092991.56,1,1,False,True,False,2026-02-07
AVAILABILITY-data - 2026-02-11T160501.676.csv,NOW,synthetic_monitoring_visible_stores,,,2026-02-07T19:59:40-05:00,2026-02-07T21:00:00-05:00,363,10,3620,27e20be2f3cdd68417e3fdc00659cb2f5f298a07,5087527,4536982,4536982,5103045,4803756.93,1,1,False,True,False,2026-02-07
AVAILABILITY-data - 2026-02-11T160504.710.csv,NOW,synthetic_monitoring_visible_stores,,,2026-02-07T20:59:40-05:00,2026-02-07T22:00:00-05:00,363,10,3620,58b15ee8b7476f5f1d6ac8e95f797b5861e00837,4538391,3744288,3723700,4542395,4058430.06,1,1,False,True,False,2026-02-07
AVAILABILITY-data - 2026-02-11T160844.912.csv,NOW,synthetic_monitoring_visible_stores,,,2026-02-07T21:59:40-05:00,2026-02-07T23:00:00-05:00,363,10,3620,c2d8c5b1eb9b36d816dd62dacee3adfbfb70cb6d,3744595,2632283,2632283,3744595,3135459.07,1,1,False,True,False,2026-02-07
AVAILABILITY-data - 2026-02-11T160904.870.csv,NOW,synthetic_monitoring_visible_stores,,,2026-02-07T22:59:40-05:00,2026-02-08T00:00:00-05:00,363,10,3620,bbd9206610ddb6ee5d17b50f18040899a3448fe9,2634488,1501845,1501845,2634488,1938419.61,1,1,False,True,False,2026-02-07
AVAILABILITY-data - 2026-02-11T160918.870.csv,NOW,synthetic_monitoring_visible_stores,,,2026-02-07T23:59:40-05:00,2026-02-08T00:06:20-05:00,41,10,400,a9e609c1c179288cbb9c178c858dc91f27db953d,1506093,5966,5966,1506093,893067.24,1,1,False,True,True,2026-02-07
AVAILABILITY-data - 2026-02-11T161016.059.csv,NOW,synthetic_monitoring_visible_stores,,,2026-02-08T06:11:30-05:00,2026-02-08T07:00:00-05:00,292,10,2910,3d2c7432a9efe95d35c5842b0fcc619361282747,101,21795,101,23971,16279.23,1,1,False,True,True,2026-02-08
AVAILABILITY-data - 2026-02-11T161028.766.csv,NOW,synthetic_monitoring_visible_stores,,,2026-02-08T06:59:40-05:00,2026-02-08T08:00:00-05:00,363,10,3620,3ae49f492530e0e0d89c8feda343ebc622773eb0,21804,42558,21786,43136,37206.24,1,1,False,True,False,2026-02-08
AVAILABILITY-data - 2026-02-11T161033.869.csv,NOW,synthetic_monitoring_visible_stores,,,2026-02-08T07:59:40-05:00,2026-02-08T09:00:00-05:00,363,10,3620,513d292b98c2e6a7591dbcd786600f223258c209,42595,396432,42510,396432,306569.39,1,1,False,True,False,2026-02-08
AVAILABILITY-data - 2026-02-11T161038.880.csv,NOW,synthetic_monitoring_visible_stores,,,2026-02-08T08:59:40-05:00,2026-02-08T10:00:00-05:00,363,10,3620,7c54bc81fe70ecb97d15cae7d409bc61ed4dd109,396230,1229277,396230,1229277,990398.14,1,1,False,True,False,2026-02-08
AVAILABILITY-data - 2026-02-11T161043.388.csv,NOW,synthetic_monitoring_visible_stores,,,2026-02-08T09:59:40-05:00,2026-02-08T11:00:00-05:00,363,10,3620,41bbc815840be0864d2c39c748617f78de3caaf2,1228506,1961833,1228506,1962431,1783313.85,1,1,False,True,False,2026-02-08
AVAILABILITY-data - 2026-02-11T161050.563.csv,NOW,synthetic_monitoring_visible_stores,,,2026-02-08T10:59:40-05:00,2026-02-08T12:00:00-05:00,363,10,3620,b92e2d2579e44a497a9dd984a620f37b175bf549,1962431,2576428,1961609,2576428,2421748.9,1,1,False,True,False,2026-02-08
AVAILABILITY-data - 2026-02-11T161055.583.csv,NOW,synthetic_monitoring_visible_stores,,,2026-02-08T11:59:40-05:00,2026-02-08T13:00:00-05:00,363,10,3620,bbd331d0cc47ace00fdd20f0a1d63a7e7ac4a736,2576197,3354841,2576197,3354841,3173297.52,1,1,False,True,False,2026-02-08
AVAILABILITY-data - 2026-02-11T161101.927.csv,NOW,synthetic_monitoring_visible_stores,,,2026-02-08T12:59:40-05:00,2026-02-08T14:00:00-05:00,363,10,3620,1377a5f45a99a92a510986d7af62131a69a56891,3354219,4181185,3354219,4184409,3971899.85,1,1,False,True,False,2026-02-08
AVAILABILITY-data - 2026-02-11T161107.120.csv,NOW,synthetic_monitoring_visible_stores,,,2026-02-08T13:59:40-05:00,2026-02-08T15:00:00-05:00,363,10,3620,b1be667c82c15b8f429beeec3df09a29faec04a9,4181063,4831762,4180917,4840555,4681929.4,1,1,False,True,False,2026-02-08
AVAILABILITY-data - 2026-02-11T161111.770.csv,NOW,synthetic_monitoring_visible_stores,,,2026-02-08T14:59:40-05:00,2026-02-08T16:00:00-05:00,363,10,3620,ccc5356067e947ad3e3720af52c93e9ddb3bd4cd,4832665,4648307,4597157,4969210,4806549.32,1,1,False,True,False,2026-02-08
AVAILABILITY-data - 2026-02-11T161116.350.csv,NOW,synthetic_monitoring_visible_stores,,,2026-02-08T15:59:40-05:00,2026-02-08T17:00:00-05:00,363,10,3620,13b334bcd426820aaf78ff8ac0c247563ef039e1,4645601,4471431,4298940,4660228,4487827.6,1,1,False,True,False,2026-02-08
AVAILABILITY-data - 2026-02-11T161122.514.csv,NOW,synthetic_monitoring_visible_stores,,,2026-02-08T16:59:40-05:00,2026-02-08T18:00:00-05:00,363,10,3620,34083ef6a16a7ac04d5e7cc3dfc53808d1c4e6e4,4477354,4049125,4049125,4477354,4326305.87,1,1,False,True,False,2026-02-08
AVAILABILITY-data - 2026-02-11T161135.095.csv,NOW,synthetic_monitoring_visible_stores,,,2026-02-08T17:59:40-05:00,2026-02-08T19:00:00-05:00,363,10,3620,777e5892c8e09e8526628fb1b0aff8869a79392f,4057699,3749183,2277694,4271296,3853100.14,1,1,False,True,False,2026-02-08
AVAILABILITY-data - 2026-02-11T161146.101.csv,NOW,synthetic_monitoring_visible_stores,,,2026-02-08T19:59:40-05:00,2026-02-08T21:00:00-05:00,363,10,3620,e52044f1afeb0ab8724ee4090e2003b56a3bba44,3840303,3813789,3699348,4020690,3861311.33,1,1,False,True,False,2026-02-08
AVAILABILITY-data - 2026-02-11T161151.133.csv,NOW,synthetic_monitoring_visible_stores,,,2026-02-08T20:59:40-05:00,2026-02-08T22:00:00-05:00,363,10,3620,e9d1007aff833f670bb90516cbc5ac357dc73436,3817384,3171781,3164539,3825157,3401844.02,1,1,False,True,False,2026-02-08
AVAILABILITY-data - 2026-02-11T161156.743.csv,NOW,synthetic_monitoring_visible_stores,,,2026-02-08T21:59:40-05:00,2026-02-08T23:00:00-05:00,363,10,3620,dedec564559f619c4dff5829f28fd98f4a12f5b1,3173858,2229813,2228880,3173858,2658728.66,1,1,False,True,False,2026-02-08
AVAILABILITY-data - 2026-02-11T161201.279.csv,NOW,synthetic_monitoring_visible_stores,,,2026-02-08T22:59:40-05:00,2026-02-09T00:00:00-05:00,363,10,3620,e312c0db6cf5d5359ed3497b4357128a78ab3a75,2234089,1016317,1016005,2234089,1489298.94,1,1,False,True,False,2026-02-08
AVAILABILITY-data - 2026-02-11T161208.642.csv,NOW,synthetic_monitoring_visible_stores,,,2026-02-08T23:59:40-05:00,2026-02-09T00:06:30-05:00,42,10,410,0006a9e0adea59206790a20bde2989eea40382e7,1017493,6974,6974,1017493,603455.19,1,1,False,True,True,2026-02-08
AVAILABILITY-data - 2026-02-11T162459.320.csv,NOW,synthetic_monitoring_visible_stores,,,2026-02-09T06:11:20-05:00,2026-02-09T07:00:00-05:00,293,10,2920,74e5dfc3dd6f605509dd6e90b51dccf1253060bb,22,17188,22,18180,12983.24,1,1,False,True,True,2026-02-09
AVAILABILITY-data - 2026-02-11T162503.731.csv,NOW,synthetic_monitoring_visible_stores,,,2026-02-09T06:59:40-05:00,2026-02-09T08:00:00-05:00,363,10,3620,5d207e4f4e4220fae2002d9878c24705baeddb6c,17259,51211,17082,51736,39301.26,1,1,False,True,False,2026-02-09
AVAILABILITY-data - 2026-02-11T162508.560.csv,NOW,synthetic_monitoring_visible_stores,,,2026-02-09T08:02:20-05:00,2026-02-09T09:00:00-05:00,347,10,3460,9f61320acdb6bc269f4640197d1ace3e0137179d,145092,491522,145092,497985,382130.33,1,1,False,True,True,2026-02-09
AVAILABILITY-data - 2026-02-11T162512.685.csv,NOW,synthetic_monitoring_visible_stores,,,2026-02-09T08:59:40-05:00,2026-02-09T10:00:00-05:00,363,10,3620,1a18327d3fba26b2355c62692ae4d28e8b332245,491463,1518145,491463,1533430,1222584.72,1,1,False,True,False,2026-02-09
AVAILABILITY-data - 2026-02-11T162516.046.csv,NOW,synthetic_monitoring_visible_stores,,,2026-02-09T09:59:40-05:00,2026-02-09T11:00:00-05:00,363,10,3620,9209587aea38281bfbdbf05e2ab4e742d5b690b0,1517274,2236686,1517274,2308742,2087183.54,1,1,False,True,False,2026-02-09
AVAILABILITY-data - 2026-02-11T162519.870.csv,NOW,synthetic_monitoring_visible_stores,,,2026-02-09T10:59:40-05:00,2026-02-09T12:00:00-05:00,363,10,3620,aefa0f2f92e5e78c91086e001121f28df3ffed3e,2235537,2958040,2235537,2959242,2753926.04,1,1,False,True,False,2026-02-09
AVAILABILITY-data - 2026-02-11T162524.898.csv,NOW,synthetic_monitoring_visible_stores,,,2026-02-09T11:59:40-05:00,2026-02-09T13:00:00-05:00,363,10,3620,0d7c7fb33def730660e3bdf309c4c9502f8a89a9,2951215,3719675,2951215,3731019,3558116.07,1,1,False,True,False,2026-02-09
AVAILABILITY-data - 2026-02-11T162528.931.csv,NOW,synthetic_monitoring_visible_stores,,,2026-02-09T12:59:40-05:00,2026-02-09T14:00:00-05:00,363,10,3620,8b71f12ac7ddf9978c2c1b735363ce3b2424dbff,3721209,4346281,3717357,4409298,4235675.44,1,2,True,True,False,2026-02-09
AVAILABILITY-data - 2026-02-11T162838.106.csv,NOW,synthetic_monitoring_visible_stores,,,2026-02-09T12:59:40-05:00,2026-02-09T14:00:00-05:00,363,10,3620,8b71f12ac7ddf9978c2c1b735363ce3b2424dbff,3721209,4346281,3717357,4409298,4235675.44,2,2,True,False,False,2026-02-09
AVAILABILITY-data - 2026-02-11T162849.252.csv,NOW,synthetic_monitoring_visible_stores,,,2026-02-09T13:59:40-05:00,2026-02-09T15:00:00-05:00,363,10,3620,e7a30aa4b73d682132be0b3fd0e38d6113a90e13,4338322,4809215,4338322,4821904,4721734.95,1,1,False,True,False,2026-02-09
AVAILABILITY-data - 2026-02-11T162854.690.csv,NOW,synthetic_monitoring_visible_stores,,,2026-02-09T14:59:40-05:00,2026-02-09T16:00:00-05:00,363,10,3620,0fb1849423b1a1eb1727067456c2fb5348a8c94c,4813416,5096992,4657231,5102690,4904663.83,1,1,False,True,False,2026-02-09
AVAILABILITY-data - 2026-02-11T162859.700.csv,NOW,synthetic_monitoring_visible_stores,,,2026-02-09T15:59:40-05:00,2026-02-09T17:00:00-05:00,363,10,3620,e2463c0892f6358540e0dbcb6eeb2365f4eac556,5099150,5039792,4962721,5122526,5070939.74,1,1,False,True,False,2026-02-09
AVAILABILITY-data - 2026-02-11T162905.462.csv,NOW,synthetic_monitoring_visible_stores,,,2026-02-09T16:59:40-05:00,2026-02-09T18:00:00-05:00,363,10,3620,461a04185656819558458c2492a70695e65d1be4,5054161,4815119,4806280,5071340,4929529.53,1,1,False,True,False,2026-02-09
AVAILABILITY-data - 2026-02-11T162909.631.csv,NOW,synthetic_monitoring_visible_stores,,,2026-02-09T17:59:40-05:00,2026-02-09T19:00:00-05:00,363,10,3620,62573b1a3b9a753533f746f22f41718b486e7f62,4809074,4644964,4605807,4833650,4720399.26,1,1,False,True,False,2026-02-09
AVAILABILITY-data - 2026-02-11T162915.259.csv,NOW,synthetic_monitoring_visible_stores,,,2026-02-09T19:01:20-05:00,2026-02-09T20:00:00-05:00,353,10,3520,b6833fbfcdfc303537853148509542f527d7534f,4665047,4429995,4422045,4665047,4500680.23,1,1,False,True,True,2026-02-09
AVAILABILITY-data - 2026-02-11T162919.781.csv,NOW,synthetic_monitoring_visible_stores,,,2026-02-09T19:59:40-05:00,2026-02-09T21:00:00-05:00,363,10,3620,ec0350c9bed9b113f34f9b9b883680514a659940,4430345,3933125,3504370,4579892,4160583.91,1,1,False,True,False,2026-02-09
AVAILABILITY-data - 2026-02-11T162924.155.csv,NOW,synthetic_monitoring_visible_stores,,,2026-02-09T20:59:40-05:00,2026-02-09T22:00:00-05:00,363,10,3620,0dabbef6126a2c21c4847b973fdc40325d19f069,3933248,3141853,3134388,3933248,3436271.41,1,1,False,True,False,2026-02-09
AVAILABILITY-data - 2026-02-11T162929.181.csv,NOW,synthetic_monitoring_visible_stores,,,2026-02-09T21:59:40-05:00,2026-02-09T23:00:00-05:00,363,10,3620,29b9b308a2d1c944ad2d0c198757a692bb722aea,3149202,2210068,2210068,3157545,2636876.99,1,1,False,True,False,2026-02-09
AVAILABILITY-data - 2026-02-11T162933.912.csv,NOW,synthetic_monitoring_visible_stores,,,2026-02-09T22:59:40-05:00,2026-02-10T00:00:00-05:00,363,10,3620,a7acec94b7d6079fc6644f595b6c8a803841a2d4,2215801,977300,977300,2215801,1463293.41,1,1,False,True,False,2026-02-09
AVAILABILITY-data - 2026-02-11T162937.736.csv,NOW,synthetic_monitoring_visible_stores,,,2026-02-09T23:59:40-05:00,2026-02-10T00:06:30-05:00,42,10,410,d42f8ede5c395500d06c7d7ec6089760e1cdd9fd,978775,0,0,978775,567094.33,1,1,False,True,True,2026-02-09
AVAILABILITY-data - 2026-02-11T163004.759.csv,NOW,synthetic_monitoring_visible_stores,,,2026-02-10T06:11:20-05:00,2026-02-10T07:00:00-05:00,293,10,2920,5c2cd5ddc04a4a43d5a0ba8dc5352e66389b6264,49,13765,49,15536,10571.47,1,1,False,True,True,2026-02-10
AVAILABILITY-data - 2026-02-11T163008.863.csv,NOW,synthetic_monitoring_visible_stores,,,2026-02-10T06:59:40-05:00,2026-02-10T08:00:00-05:00,363,10,3620,c405b28a77188a724f4c3c8f94c167140e897f4e,13566,48910,13566,49158,36893.41,1,1,False,True,False,2026-02-10
AVAILABILITY-data - 2026-02-11T163100.598.csv,NOW,synthetic_monitoring_visible_stores,,,2026-02-10T08:02:50-05:00,2026-02-10T09:00:00-05:00,344,10,3430,6329facedf70deaed725018fa7f1e958a83e2c37,172862,518174,172862,520419,397946.43,1,1,False,True,True,2026-02-10
AVAILABILITY-data - 2026-02-11T163105.296.csv,NOW,synthetic_monitoring_visible_stores,,,2026-02-10T08:59:40-05:00,2026-02-10T10:00:00-05:00,363,10,3620,59767c7a599acead33ef3064e5d72887f35025ea,519194,1562766,518174,1562796,1261520.06,1,1,False,True,False,2026-02-10
AVAILABILITY-data - 2026-02-11T163111.476.csv,NOW,synthetic_monitoring_visible_stores,,,2026-02-10T09:59:40-05:00,2026-02-10T11:00:00-05:00,363,10,3620,89bd5fdf57031b72700d9c8e98721162049d77d3,1562796,2439347,1558975,2439347,2171528.09,1,1,False,True,False,2026-02-10
AVAILABILITY-data - 2026-02-11T163115.952.csv,NOW,synthetic_monitoring_visible_stores,,,2026-02-10T10:59:40-05:00,2026-02-10T12:00:00-05:00,363,10,3620,027902c00c859dc8267cc4217310b573609050a5,2439150,3116021,2431509,3116021,2905937.05,1,1,False,True,False,2026-02-10
AVAILABILITY-data - 2026-02-11T163120.450.csv,NOW,synthetic_monitoring_visible_stores,,,2026-02-10T11:59:40-05:00,2026-02-10T13:00:00-05:00,363,10,3620,d6c51f4fa9eeb7aaa5858015014daaa27a6e57a3,3106692,4152960,3106692,4164882,3954258.39,1,1,False,True,False,2026-02-10
AVAILABILITY-data - 2026-02-11T163124.929.csv,NOW,synthetic_monitoring_visible_stores,,,2026-02-10T12:59:40-05:00,2026-02-10T14:00:00-05:00,363,10,3620,5c9e9702fca2ed180108431243284708214b83d8,4157769,4865167,4151902,4893055,4720838.65,1,1,False,True,False,2026-02-10
AVAILABILITY-data - 2026-02-11T163129.041.csv,NOW,synthetic_monitoring_visible_stores,,,2026-02-10T13:59:40-05:00,2026-02-10T15:00:00-05:00,363,10,3620,dacd0c17cf08a3b7d4cb6f8f2fc6a65d401ac346,4859282,5599958,4846561,5600386,5380431.4,1,1,False,True,False,2026-02-10
AVAILABILITY-data - 2026-02-11T163132.804.csv,NOW,synthetic_monitoring_visible_stores,,,2026-02-10T14:59:40-05:00,2026-02-10T16:00:00-05:00,363,10,3620,ad68fb28718d9eb896d244f37c47885ccbfb5229,5600386,2001131,1633913,5767000,3692793.6,1,1,False,True,False,2026-02-10
AVAILABILITY-data - 2026-02-11T163136.996.csv,NOW,synthetic_monitoring_visible_stores,,,2026-02-10T15:59:40-05:00,2026-02-10T17:00:00-05:00,363,10,3620,269db5600357ac5111da2dfd92da1af25b367b70,2033092,5581268,1600223,5733977,3336925.93,1,1,False,True,False,2026-02-10
AVAILABILITY-data - 2026-02-11T163140.803.csv,NOW,synthetic_monitoring_visible_stores,,,2026-02-10T16:59:40-05:00,2026-02-10T18:00:00-05:00,363,10,3620,0410004ae165183f7bced05df4bdc3cd46325571,5525310,5559498,5448426,5696912,5566563.32,1,1,False,True,False,2026-02-10
AVAILABILITY-data - 2026-02-11T163144.806.csv,NOW,synthetic_monitoring_visible_stores,,,2026-02-10T17:59:40-05:00,2026-02-10T19:00:00-05:00,363,10,3620,c8da50e794c8bd64f62ae2f1c5838613bd0c373b,5541870,5242833,5242833,5559498,5375749.86,1,1,False,True,False,2026-02-10
AVAILABILITY-data - 2026-02-11T163257.167.csv,NOW,synthetic_monitoring_visible_stores,,,2026-02-10T18:59:40-05:00,2026-02-10T20:00:00-05:00,363,10,3620,c76e2d461379b90e96f4b81f206114f3e451103a,5248755,5124121,5111953,5262011,5175262.85,1,1,False,True,False,2026-02-10
AVAILABILITY-data - 2026-02-11T163301.287.csv,NOW,synthetic_monitoring_visible_stores,,,2026-02-10T19:59:40-05:00,2026-02-10T21:00:00-05:00,363,10,3620,761eeae4b929d7f052795d8143e76b695f46c02e,5123917,4493284,4493284,5124121,4803092.36,1,1,False,True,False,2026-02-10
AVAILABILITY-data - 2026-02-11T163309.828.csv,NOW,synthetic_monitoring_visible_stores,,,2026-02-10T20:59:40-05:00,2026-02-10T22:00:00-05:00,363,10,3620,9ebfc480fa42fe9b8796a8c07d0ccf42bd85d118,4512579,3658536,3658536,4513937,3986973.27,1,1,False,True,False,2026-02-10
AVAILABILITY-data - 2026-02-11T163313.663.csv,NOW,synthetic_monitoring_visible_stores,,,2026-02-10T21:59:40-05:00,2026-02-10T23:00:00-05:00,363,10,3620,e129c23c4300b46eca22a36f7557f47340c22f0f,3668879,2449664,2440734,3669536,2949968.79,1,1,False,True,False,2026-02-10
AVAILABILITY-data - 2026-02-11T163317.768.csv,NOW,synthetic_monitoring_visible_stores,,,2026-02-10T22:59:40-05:00,2026-02-11T00:00:00-05:00,363,10,3620,ac8d41ef42605517f2245e408fecdb85ec7eab19,2446079,1074886,1074886,2449664,1604928.1,1,1,False,True,False,2026-02-10
AVAILABILITY-data - 2026-02-11T163322.518.csv,NOW,synthetic_monitoring_visible_stores,,,2026-02-10T23:59:40-05:00,2026-02-11T00:06:30-05:00,42,10,410,5517c734939a7ece0e89a0223558232546473c62,1075800,2763,2763,1075800,628940.52,1,1,False,True,True,2026-02-10
AVAILABILITY-data - 2026-02-11T163352.659.csv,NOW,synthetic_monitoring_visible_stores,,,2026-02-11T06:11:20-05:00,2026-02-11T07:00:00-05:00,293,10,2920,1c3dd8a337a7796f9aa37ea06f9e963c1de18f32,82,21047,82,23020,15666.18,1,1,False,True,True,2026-02-11
AVAILABILITY-data - 2026-02-11T163356.970.csv,NOW,synthetic_monitoring_visible_stores,,,2026-02-11T06:59:40-05:00,2026-02-11T08:00:00-05:00,363,10,3620,23ca656083d2cf4854de4c8583dc81f7df90e209,21127,52008,21047,52008,41704.84,1,1,False,True,False,2026-02-11
AVAILABILITY-data - 2026-02-11T163407.924.csv,NOW,synthetic_monitoring_visible_stores,,,2026-02-11T07:59:40-05:00,2026-02-11T09:00:00-05:00,363,10,3620,28fdc4ef1b9017f65d07b59a9a5e9e59f634d0bf,51867,528576,51867,551012,401656.48,1,1,False,True,False,2026-02-11
AVAILABILITY-data - 2026-02-11T163412.206.csv,NOW,synthetic_monitoring_visible_stores,,,2026-02-11T08:59:40-05:00,2026-02-11T10:00:00-05:00,363,10,3620,65b888b5dae2a05ecc8c36c525c268e6af050cdd,525729,1690594,520282,1693792,1363065.04,1,1,False,True,False,2026-02-11
AVAILABILITY-data - 2026-02-11T163416.336.csv,NOW,synthetic_monitoring_visible_stores,,,2026-02-11T09:59:40-05:00,2026-02-11T11:00:00-05:00,363,10,3620,340453d362757f891c2a5370e05537c4bfd62ccf,1691103,2693831,1690594,2700540,2401304.06,1,1,False,True,False,2026-02-11
AVAILABILITY-data - 2026-02-11T163420.714.csv,NOW,synthetic_monitoring_visible_stores,,,2026-02-11T10:59:40-05:00,2026-02-11T12:00:00-05:00,363,10,3620,f98ed198dc3b6ca1d344244d88e1f6ff312b772e,2697164,3419631,2693831,3419631,3225902.77,1,1,False,True,False,2026-02-11
AVAILABILITY-data - 2026-02-11T163424.575.csv,NOW,synthetic_monitoring_visible_stores,,,2026-02-11T11:59:40-05:00,2026-02-11T13:00:00-05:00,363,10,3620,04a0872b7dee1e198a210d1efae1ab7455f18942,3415266,4236348,3413209,4245466,4054353.72,1,1,False,True,False,2026-02-11
AVAILABILITY-data - 2026-02-11T163429.048.csv,NOW,synthetic_monitoring_visible_stores,,,2026-02-11T12:59:40-05:00,2026-02-11T14:00:00-05:00,363,10,3620,fcef0717874f6db70c13805deffd34b14a1cbdc2,4232457,5049530,4232457,5065625,4854786.03,1,1,False,True,False,2026-02-11
AVAILABILITY-data - 2026-02-11T163433.165.csv,NOW,synthetic_monitoring_visible_stores,,,2026-02-11T13:59:40-05:00,2026-02-11T15:00:00-05:00,363,10,3620,e5698247f23c523c7289df6b6ebcb4aa82f3c8b1,5065625,5630566,5049530,5710374,5521666.62,1,1,False,True,False,2026-02-11
